tier1,tier2,tier4,tier5,Final field name in eGRID,Units,Full Name,Year,Table Export Title
0,10,40,49,SRCO2RTA,lb/MWh,"Annual CO₂ total output emission rate (lb/MWh), by eGRID subregion, 2018",2018,"Annual CO2 total output emission rate (lb/MWh), by eGRID subregion, 2018"
0,10,41,49,SRCCO2RT,lb/MWh,"Annual CO₂ coal output emission rate (lb/MWh), by eGRID subregion, 2018",2018,"Annual CO2 coal output emission rate (lb/MWh), by eGRID subregion, 2018"
0,10,42,49,SROCO2RT,lb/MWh,"Annual CO₂ oil output emission rate (lb/MWh), by eGRID subregion, 2018",2018,"Annual CO2 oil output emission rate (lb/MWh), by eGRID subregion, 2018"
0,10,43,49,SRGCO2RT,lb/MWh,"Annual CO₂ gas output emission rate (lb/MWh), by eGRID subregion, 2018",2018,"Annual CO2 gas output emission rate (lb/MWh), by eGRID subregion, 2018"
0,10,44,49,SRFSC2RT,lb/MWh,"Annual CO₂ fossil fuel output emission rate (lb/MWh), by eGRID subregion, 2018",2018,"Annual CO2 fossil fuel output emission rate (lb/MWh), by eGRID subregion, 2018"
0,10,45,49,SRCO2CRT,lb/MWh,"Annual CO₂ combustion output emission rate (lb/MWh), by eGRID subregion, 2018",2018,"Annual CO2 combustion output emission rate (lb/MWh), by eGRID subregion, 2018"
0,10,40,50,STCO2RTA,lb/MWh,"Annual CO₂ total output emission rate (lb/MWh), by state, 2018",2018,"Annual CO2 total output emission rate (lb/MWh), by state, 2018"
0,10,41,50,STCCO2RT,lb/MWh,"Annual CO₂ coal output emission rate (lb/MWh), by state, 2018",2018,"Annual CO2 coal output emission rate (lb/MWh), by state, 2018"
0,10,42,50,STOCO2RT,lb/MWh,"Annual CO₂ oil output emission rate (lb/MWh), by state, 2018",2018,"Annual CO2 oil output emission rate (lb/MWh), by state, 2018"
0,10,43,50,STGCO2RT,lb/MWh,"Annual CO₂ gas output emission rate (lb/MWh), by state, 2018",2018,"Annual CO2 gas output emission rate (lb/MWh), by state, 2018"
0,10,44,50,STFSC2RT,lb/MWh,"Annual CO₂ fossil fuel output emission rate (lb/MWh), by state, 2018",2018,"Annual CO2 fossil fuel output emission rate (lb/MWh), by state, 2018"
0,10,45,50,STCO2CRT,lb/MWh,"Annual CO₂ combustion output emission rate (lb/MWh), by state, 2018",2018,"Annual CO2 combustion output emission rate (lb/MWh), by state, 2018"
0,10,40,51,NRCO2RTA,lb/MWh,"Annual CO₂ total output emission rate (lb/MWh), by NERC region, 2018",2018,"Annual CO2 total output emission rate (lb/MWh), by NERC region, 2018"
0,10,41,51,NRCCO2RT,lb/MWh,"Annual CO₂ coal output emission rate (lb/MWh), by NERC region, 2018",2018,"Annual CO2 coal output emission rate (lb/MWh), by NERC region, 2018"
0,10,42,51,NROCO2RT,lb/MWh,"Annual CO₂ oil output emission rate (lb/MWh), by NERC region, 2018",2018,"Annual CO2 oil output emission rate (lb/MWh), by NERC region, 2018"
0,10,43,51,NRGCO2RT,lb/MWh,"Annual CO₂ gas output emission rate (lb/MWh), by NERC region, 2018",2018,"Annual CO2 gas output emission rate (lb/MWh), by NERC region, 2018"
0,10,44,51,NRFSC2RT,lb/MWh,"Annual CO₂ fossil fuel output emission rate (lb/MWh), by NERC region, 2018",2018,"Annual CO2 fossil fuel output emission rate (lb/MWh), by NERC region, 2018"
0,10,45,51,NRCO2CRT,lb/MWh,"Annual CO₂ combustion output emission rate (lb/MWh), by NERC region, 2018",2018,"Annual CO2 combustion output emission rate (lb/MWh), by NERC region, 2018"
0,10,40,52,USCO2RTA,lb/MWh,"Annual CO₂ total output emission rate (lb/MWh), US value, 2018",2018,"Annual CO2 total output emission rate (lb/MWh), US value, 2018"
0,10,41,52,USCCO2RT,lb/MWh,"Annual CO₂ coal output emission rate (lb/MWh), US value, 2018",2018,"Annual CO2 coal output emission rate (lb/MWh), US value, 2018"
0,10,42,52,USOCO2RT,lb/MWh,"Annual CO₂ oil output emission rate (lb/MWh), US value, 2018",2018,"Annual CO2 oil output emission rate (lb/MWh), US value, 2018"
0,10,43,52,USGCO2RT,lb/MWh,"Annual CO₂ gas output emission rate (lb/MWh), US value, 2018",2018,"Annual CO2 gas output emission rate (lb/MWh), US value, 2018"
0,10,44,52,USFSC2RT,lb/MWh,"Annual CO₂ fossil fuel output emission rate (lb/MWh), US value, 2018",2018,"Annual CO2 fossil fuel output emission rate (lb/MWh), US value, 2018"
0,10,45,52,USCO2CRT,lb/MWh,"Annual CO₂ combustion output emission rate (lb/MWh), US value, 2018",2018,"Annual CO2 combustion output emission rate (lb/MWh), US value, 2018"
0,10,40,99,PLCO2RTA,lb/MWh,,2018,
0,10,45,99,PLCO2CRT,lb/MWh,,2018,
0,11,40,49,SRNOXRTA,lb/MWh,"Annual NOₓ total output emission rate (lb/MWh), by eGRID subregion, 2018",2018,"Annual NOx total output emission rate (lb/MWh), by eGRID subregion, 2018"
0,11,41,49,SRCNOXRT,lb/MWh,"Annual NOₓ coal output emission rate (lb/MWh), by eGRID subregion, 2018",2018,"Annual NOx coal output emission rate (lb/MWh), by eGRID subregion, 2018"
0,11,42,49,SRONOXRT,lb/MWh,"Annual NOₓ oil output emission rate (lb/MWh), by eGRID subregion, 2018",2018,"Annual NOx oil output emission rate (lb/MWh), by eGRID subregion, 2018"
0,11,43,49,SRGNOXRT,lb/MWh,"Annual NOₓ gas output emission rate (lb/MWh), by eGRID subregion, 2018",2018,"Annual NOx gas output emission rate (lb/MWh), by eGRID subregion, 2018"
0,11,44,49,SRFSNXRT,lb/MWh,"Annual NOₓ fossil fuel output emission rate (lb/MWh), by eGRID subregion, 2018",2018,"Annual NOx fossil fuel output emission rate (lb/MWh), by eGRID subregion, 2018"
0,11,45,49,SRNOXCRT,lb/MWh,"Annual NOₓ combustion output emission rate (lb/MWh), by eGRID subregion, 2018",2018,"Annual NOx combustion output emission rate (lb/MWh), by eGRID subregion, 2018"
0,11,40,50,STNOXRTA,lb/MWh,"Annual NOₓ total output emission rate (lb/MWh), by state, 2018",2018,"Annual NOx total output emission rate (lb/MWh), by state, 2018"
0,11,41,50,STCNOXRT,lb/MWh,"Annual NOₓ coal output emission rate (lb/MWh), by state, 2018",2018,"Annual NOx coal output emission rate (lb/MWh), by state, 2018"
0,11,42,50,STONOXRT,lb/MWh,"Annual NOₓ oil output emission rate (lb/MWh), by state, 2018",2018,"Annual NOx oil output emission rate (lb/MWh), by state, 2018"
0,11,43,50,STGNOXRT,lb/MWh,"Annual NOₓ gas output emission rate (lb/MWh), by state, 2018",2018,"Annual NOx gas output emission rate (lb/MWh), by state, 2018"
0,11,44,50,STFSNXRT,lb/MWh,"Annual NOₓ fossil fuel output emission rate (lb/MWh), by state, 2018",2018,"Annual NOx fossil fuel output emission rate (lb/MWh), by state, 2018"
0,11,45,50,STNOXCRT,lb/MWh,"Annual NOₓ combustion output emission rate (lb/MWh), by state, 2018",2018,"Annual NOx combustion output emission rate (lb/MWh), by state, 2018"
0,11,40,51,NRNOXRTA,lb/MWh,"Annual NOₓ total output emission rate (lb/MWh), by NERC region, 2018",2018,"Annual NOx total output emission rate (lb/MWh), by NERC region, 2018"
0,11,41,51,NRCNOXRT,lb/MWh,"Annual NOₓ coal output emission rate (lb/MWh), by NERC region, 2018",2018,"Annual NOx coal output emission rate (lb/MWh), by NERC region, 2018"
0,11,42,51,NRONOXRT,lb/MWh,"Annual NOₓ oil output emission rate (lb/MWh), by NERC region, 2018",2018,"Annual NOx oil output emission rate (lb/MWh), by NERC region, 2018"
0,11,43,51,NRGNOXRT,lb/MWh,"Annual NOₓ gas output emission rate (lb/MWh), by NERC region, 2018",2018,"Annual NOx gas output emission rate (lb/MWh), by NERC region, 2018"
0,11,44,51,NRFSNXRT,lb/MWh,"Annual NOₓ fossil fuel output emission rate (lb/MWh), by NERC region, 2018",2018,"Annual NOx fossil fuel output emission rate (lb/MWh), by NERC region, 2018"
0,11,45,51,NRNOXCRT,lb/MWh,"Annual NOₓ combustion output emission rate (lb/MWh), by NERC region, 2018",2018,"Annual NOx combustion output emission rate (lb/MWh), by NERC region, 2018"
0,11,40,52,USNOXRTA,lb/MWh,"Annual NOₓ total output emission rate (lb/MWh), US value, 2018",2018,"Annual NOx total output emission rate (lb/MWh), US value, 2018"
0,11,41,52,USCNOXRT,lb/MWh,"Annual NOₓ coal output emission rate (lb/MWh), US value, 2018",2018,"Annual NOx coal output emission rate (lb/MWh), US value, 2018"
0,11,42,52,USONOXRT,lb/MWh,"Annual NOₓ oil output emission rate (lb/MWh), US value, 2018",2018,"Annual NOx oil output emission rate (lb/MWh), US value, 2018"
0,11,43,52,USGNOXRT,lb/MWh,"Annual NOₓ gas output emission rate (lb/MWh), US value, 2018",2018,"Annual NOx gas output emission rate (lb/MWh), US value, 2018"
0,11,44,52,USFSNXRT,lb/MWh,"Annual NOₓ fossil fuel output emission rate (lb/MWh), US value, 2018",2018,"Annual NOx fossil fuel output emission rate (lb/MWh), US value, 2018"
0,11,45,52,USNOXCRT,lb/MWh,"Annual NOₓ combustion output emission rate (lb/MWh), US value, 2018",2018,"Annual NOx combustion output emission rate (lb/MWh), US value, 2018"
0,11,40,99,PLNOXRTA,lb/MWh,,2018,
0,11,45,99,PLNOXCRT,lb/MWh,,2018,
0,66,40,49,SRNOXRTO,lb/MWh,"Ozone season NOₓ total output emission rate (lb/MWh), by eGRID subregion, 2018",2018,"Ozone season NOx total output emission rate (lb/MWh), by eGRID subregion, 2018"
0,66,41,49,SRCNXORT,lb/MWh,"Ozone season NOₓ coal output emission rate (lb/MWh), by eGRID subregion, 2018",2018,"Ozone season NOx coal output emission rate (lb/MWh), by eGRID subregion, 2018"
0,66,42,49,SRONXORT,lb/MWh,"Ozone season NOₓ oil output emission rate (lb/MWh), by eGRID subregion, 2018",2018,"Ozone season NOx oil output emission rate (lb/MWh), by eGRID subregion, 2018"
0,66,43,49,SRGNOXRT,lb/MWh,"Ozone season NOₓ gas output emission rate (lb/MWh), by eGRID subregion, 2018",2018,"Ozone season NOx gas output emission rate (lb/MWh), by eGRID subregion, 2018"
0,66,44,49,SRFSNORT,lb/MWh,"Ozone season NOₓ fossil fuel output emission rate (lb/MWh), by eGRID subregion, 2018",2018,"Ozone season NOx fossil fuel output emission rate (lb/MWh), by eGRID subregion, 2018"
0,66,45,49,SRNOXCRO,lb/MWh,"Ozone season NOₓ combustion output emission rate (lb/MWh), by eGRID subregion, 2018",2018,"Ozone season NOx combustion output emission rate (lb/MWh), by eGRID subregion, 2018"
0,66,40,50,STNOXRTO,lb/MWh,"Ozone season NOₓ total output emission rate (lb/MWh), by state, 2018",2018,"Ozone season NOx total output emission rate (lb/MWh), by state, 2018"
0,66,41,50,STCNXORT,lb/MWh,"Ozone season NOₓ coal output emission rate (lb/MWh), by state, 2018",2018,"Ozone season NOx coal output emission rate (lb/MWh), by state, 2018"
0,66,42,50,STONXORT,lb/MWh,"Ozone season NOₓ oil output emission rate (lb/MWh), by state, 2018",2018,"Ozone season NOx oil output emission rate (lb/MWh), by state, 2018"
0,66,43,50,STGNXORT,lb/MWh,"Ozone season NOₓ gas output emission rate (lb/MWh), by state, 2018",2018,"Ozone season NOx gas output emission rate (lb/MWh), by state, 2018"
0,66,44,50,STFSNORT,lb/MWh,"Ozone season NOₓ fossil fuel output emission rate (lb/MWh), by state, 2018",2018,"Ozone season NOx fossil fuel output emission rate (lb/MWh), by state, 2018"
0,66,45,50,STNOXCRO,lb/MWh,"Ozone season NOₓ combustion output emission rate (lb/MWh), by state, 2018",2018,"Ozone season NOx combustion output emission rate (lb/MWh), by state, 2018"
0,66,40,51,NRNOXRTO,lb/MWh,"Ozone season NOₓ total output emission rate (lb/MWh), by NERC region, 2018",2018,"Ozone season NOx total output emission rate (lb/MWh), by NERC region, 2018"
0,66,41,51,NRCNXORT,lb/MWh,"Ozone season NOₓ coal output emission rate (lb/MWh), by NERC region, 2018",2018,"Ozone season NOx coal output emission rate (lb/MWh), by NERC region, 2018"
0,66,42,51,NRONXORT,lb/MWh,"Ozone season NOₓ oil output emission rate (lb/MWh), by NERC region, 2018",2018,"Ozone season NOx oil output emission rate (lb/MWh), by NERC region, 2018"
0,66,43,51,NRGNXORT,lb/MWh,"Ozone season NOₓ gas output emission rate (lb/MWh), by NERC region, 2018",2018,"Ozone season NOx gas output emission rate (lb/MWh), by NERC region, 2018"
0,66,44,51,NRFSNORT,lb/MWh,"Ozone season NOₓ fossil fuel output emission rate (lb/MWh), by NERC region, 2018",2018,"Ozone season NOx fossil fuel output emission rate (lb/MWh), by NERC region, 2018"
0,66,45,51,NRNOXCRO,lb/MWh,"Ozone season NOₓ combustion output emission rate (lb/MWh), by NERC region, 2018",2018,"Ozone season NOx combustion output emission rate (lb/MWh), by NERC region, 2018"
0,66,40,52,USNOXRTO,lb/MWh,"Ozone season NOₓ total output emission rate (lb/MWh), US value, 2018",2018,"Ozone season NOx total output emission rate (lb/MWh), US value, 2018"
0,66,41,52,USCNXORT,lb/MWh,"Ozone season NOₓ coal output emission rate (lb/MWh), US value, 2018",2018,"Ozone season NOx coal output emission rate (lb/MWh), US value, 2018"
0,66,42,52,USONXORT,lb/MWh,"Ozone season NOₓ oil output emission rate (lb/MWh), US value, 2018",2018,"Ozone season NOx oil output emission rate (lb/MWh), US value, 2018"
0,66,43,52,USGNXORT,lb/MWh,"Ozone season NOₓ gas output emission rate (lb/MWh), US value, 2018",2018,"Ozone season NOx gas output emission rate (lb/MWh), US value, 2018"
0,66,44,52,USFSNORT,lb/MWh,"Ozone season NOₓ fossil fuel output emission rate (lb/MWh), US value, 2018",2018,"Ozone season NOx fossil fuel output emission rate (lb/MWh), US value, 2018"
0,66,45,52,USNOXCRO,lb/MWh,"Ozone season NOₓ combustion output emission rate (lb/MWh), US value, 2018",2018,"Ozone season NOx combustion output emission rate (lb/MWh), US value, 2018"
0,66,40,99,PLNOXRTO,lb/MWh,,2018,
0,66,45,99,PLNOXCRO,lb/MWh,,2018,
0,12,40,49,SRSO2RTA,lb/MWh,"Annual SO₂ total output emission rate (lb/MWh), by eGRID subregion, 2018",2018,"Annual SO2 total output emission rate (lb/MWh), by eGRID subregion, 2018"
0,12,41,49,SRCSO2RT,lb/MWh,"Annual SO₂ coal output emission rate (lb/MWh), by eGRID subregion, 2018",2018,"Annual SO2 coal output emission rate (lb/MWh), by eGRID subregion, 2018"
0,12,42,49,SROSO2RT,lb/MWh,"Annual SO₂ oil output emission rate (lb/MWh), by eGRID subregion, 2018",2018,"Annual SO2 oil output emission rate (lb/MWh), by eGRID subregion, 2018"
0,12,43,49,SRGSO2RT,lb/MWh,"Annual SO₂ gas output emission rate (lb/MWh), by eGRID subregion, 2018",2018,"Annual SO2 gas output emission rate (lb/MWh), by eGRID subregion, 2018"
0,12,44,49,SRFSS2RT,lb/MWh,"Annual SO₂ fossil fuel output emission rate (lb/MWh), by eGRID subregion, 2018",2018,"Annual SO2 fossil fuel output emission rate (lb/MWh), by eGRID subregion, 2018"
0,12,45,49,SRSO2CRT,lb/MWh,"Annual SO₂ combustion output emission rate (lb/MWh), by eGRID subregion, 2018",2018,"Annual SO2 combustion output emission rate (lb/MWh), by eGRID subregion, 2018"
0,12,40,50,STSO2RTA,lb/MWh,"Annual SO₂ total output emission rate (lb/MWh), by state, 2018",2018,"Annual SO2 total output emission rate (lb/MWh), by state, 2018"
0,12,41,50,STCSO2RT,lb/MWh,"Annual SO₂ coal output emission rate (lb/MWh), by state, 2018",2018,"Annual SO2 coal output emission rate (lb/MWh), by state, 2018"
0,12,42,50,STOSO2RT,lb/MWh,"Annual SO₂ oil output emission rate (lb/MWh), by state, 2018",2018,"Annual SO2 oil output emission rate (lb/MWh), by state, 2018"
0,12,43,50,STGSO2RT,lb/MWh,"Annual SO₂ gas output emission rate (lb/MWh), by state, 2018",2018,"Annual SO2 gas output emission rate (lb/MWh), by state, 2018"
0,12,44,50,STFSS2RT,lb/MWh,"Annual SO₂ fossil fuel output emission rate (lb/MWh), by state, 2018",2018,"Annual SO2 fossil fuel output emission rate (lb/MWh), by state, 2018"
0,12,45,50,STSO2CRT,lb/MWh,"Annual SO₂ combustion output emission rate (lb/MWh), by state, 2018",2018,"Annual SO2 combustion output emission rate (lb/MWh), by state, 2018"
0,12,40,51,NRSO2RTA,lb/MWh,"Annual SO₂ total output emission rate (lb/MWh), by NERC region, 2018",2018,"Annual SO2 total output emission rate (lb/MWh), by NERC region, 2018"
0,12,41,51,NRCSO2RT,lb/MWh,"Annual SO₂ coal output emission rate (lb/MWh), by NERC region, 2018",2018,"Annual SO2 coal output emission rate (lb/MWh), by NERC region, 2018"
0,12,42,51,NROSO2RT,lb/MWh,"Annual SO₂ oil output emission rate (lb/MWh), by NERC region, 2018",2018,"Annual SO2 oil output emission rate (lb/MWh), by NERC region, 2018"
0,12,43,51,NRGSO2RT,lb/MWh,"Annual SO₂ gas output emission rate (lb/MWh), by NERC region, 2018",2018,"Annual SO2 gas output emission rate (lb/MWh), by NERC region, 2018"
0,12,44,51,NRFSS2RT,lb/MWh,"Annual SO₂ fossil fuel output emission rate (lb/MWh), by NERC region, 2018",2018,"Annual SO2 fossil fuel output emission rate (lb/MWh), by NERC region, 2018"
0,12,45,51,NRSO2CRT,lb/MWh,"Annual SO₂ combustion output emission rate (lb/MWh), by NERC region, 2018",2018,"Annual SO2 combustion output emission rate (lb/MWh), by NERC region, 2018"
0,12,40,52,USSO2RTA,lb/MWh,"Annual SO₂ total output emission rate (lb/MWh), US value, 2018",2018,"Annual SO2 total output emission rate (lb/MWh), US value, 2018"
0,12,41,52,USCSO2RT,lb/MWh,"Annual SO₂ coal output emission rate (lb/MWh), US value, 2018",2018,"Annual SO2 coal output emission rate (lb/MWh), US value, 2018"
0,12,42,52,USOSO2RT,lb/MWh,"Annual SO₂ oil output emission rate (lb/MWh), US value, 2018",2018,"Annual SO2 oil output emission rate (lb/MWh), US value, 2018"
0,12,43,52,USGSO2RT,lb/MWh,"Annual SO₂ gas output emission rate (lb/MWh), US value, 2018",2018,"Annual SO2 gas output emission rate (lb/MWh), US value, 2018"
0,12,44,52,USFSS2RT,lb/MWh,"Annual SO₂ fossil fuel output emission rate (lb/MWh), US value, 2018",2018,"Annual SO2 fossil fuel output emission rate (lb/MWh), US value, 2018"
0,12,45,52,USSO2CRT,lb/MWh,"Annual SO₂ combustion output emission rate (lb/MWh), US value, 2018",2018,"Annual SO2 combustion output emission rate (lb/MWh), US value, 2018"
0,12,40,99,PLSO2RTA,lb/MWh,,2018,
0,12,45,99,PLSO2CRT,lb/MWh,,2018,
0,13,40,49,SRCH4RTA,lb/MWh,"Annual CH₄ total output emission rate (lb/MWh), by eGRID subregion, 2018",2018,"Annual CH4 total output emission rate (lb/MWh), by eGRID subregion, 2018"
0,13,41,49,SRCCH4RT,lb/MWh,"Annual CH₄ coal output emission rate (lb/MWh), by eGRID subregion, 2018",2018,"Annual CH4 coal output emission rate (lb/MWh), by eGRID subregion, 2018"
0,13,42,49,SROCH4RT,lb/MWh,"Annual CH₄ oil output emission rate (lb/MWh), by eGRID subregion, 2018",2018,"Annual CH4 oil output emission rate (lb/MWh), by eGRID subregion, 2018"
0,13,43,49,SRGCH4RT,lb/MWh,"Annual CH₄ gas output emission rate (lb/MWh), by eGRID subregion, 2018",2018,"Annual CH4 gas output emission rate (lb/MWh), by eGRID subregion, 2018"
0,13,44,49,SRFCH4RT,lb/MWh,"Annual CH₄ fossil fuel output emission rate (lb/MWh), by eGRID subregion, 2018",2018,"Annual CH4 fossil fuel output emission rate (lb/MWh), by eGRID subregion, 2018"
0,13,45,49,SRCH4CRT,lb/MWh,"Annual CH₄ combustion output emission rate (lb/MWh), by eGRID subregion, 2018",2018,"Annual CH4 combustion output emission rate (lb/MWh), by eGRID subregion, 2018"
0,13,40,50,STCH4RTA,lb/MWh,"Annual CH₄ total output emission rate (lb/MWh), by state, 2018",2018,"Annual CH4 total output emission rate (lb/MWh), by state, 2018"
0,13,41,50,STCCH4RT,lb/MWh,"Annual CH₄ coal output emission rate (lb/MWh), by state, 2018",2018,"Annual CH4 coal output emission rate (lb/MWh), by state, 2018"
0,13,42,50,STOCH4RT,lb/MWh,"Annual CH₄ oil output emission rate (lb/MWh), by state, 2018",2018,"Annual CH4 oil output emission rate (lb/MWh), by state, 2018"
0,13,43,50,STGCH4RT,lb/MWh,"Annual CH₄ gas output emission rate (lb/MWh), by state, 2018",2018,"Annual CH4 gas output emission rate (lb/MWh), by state, 2018"
0,13,44,50,STFCH4RT,lb/MWh,"Annual CH₄ fossil fuel output emission rate (lb/MWh), by state, 2018",2018,"Annual CH4 fossil fuel output emission rate (lb/MWh), by state, 2018"
0,13,45,50,STCH4CRT,lb/MWh,"Annual CH₄ combustion output emission rate (lb/MWh), by state, 2018",2018,"Annual CH4 combustion output emission rate (lb/MWh), by state, 2018"
0,13,40,51,NRCH4RTA,lb/MWh,"Annual CH₄ total output emission rate (lb/MWh), by NERC region, 2018",2018,"Annual CH4 total output emission rate (lb/MWh), by NERC region, 2018"
0,13,41,51,NRCCH4RT,lb/MWh,"Annual CH₄ coal output emission rate (lb/MWh), by NERC region, 2018",2018,"Annual CH4 coal output emission rate (lb/MWh), by NERC region, 2018"
0,13,42,51,NROCH4RT,lb/MWh,"Annual CH₄ oil output emission rate (lb/MWh), by NERC region, 2018",2018,"Annual CH4 oil output emission rate (lb/MWh), by NERC region, 2018"
0,13,43,51,NRGCH4RT,lb/MWh,"Annual CH₄ gas output emission rate (lb/MWh), by NERC region, 2018",2018,"Annual CH4 gas output emission rate (lb/MWh), by NERC region, 2018"
0,13,44,51,NRFCH4RT,lb/MWh,"Annual CH₄ fossil fuel output emission rate (lb/MWh), by NERC region, 2018",2018,"Annual CH4 fossil fuel output emission rate (lb/MWh), by NERC region, 2018"
0,13,45,51,NRCH4CRT,lb/MWh,"Annual CH₄ combustion output emission rate (lb/MWh), by NERC region, 2018",2018,"Annual CH4 combustion output emission rate (lb/MWh), by NERC region, 2018"
0,13,40,52,USCH4RTA,lb/MWh,"Annual CH₄ total output emission rate (lb/MWh), US value, 2018",2018,"Annual CH4 total output emission rate (lb/MWh), US value, 2018"
0,13,41,52,USCCH4RT,lb/MWh,"Annual CH₄ coal output emission rate (lb/MWh), US value, 2018",2018,"Annual CH4 coal output emission rate (lb/MWh), US value, 2018"
0,13,42,52,USOCH4RT,lb/MWh,"Annual CH₄ oil output emission rate (lb/MWh), US value, 2018",2018,"Annual CH4 oil output emission rate (lb/MWh), US value, 2018"
0,13,43,52,USGCH4RT,lb/MWh,"Annual CH₄ gas output emission rate (lb/MWh), US value, 2018",2018,"Annual CH4 gas output emission rate (lb/MWh), US value, 2018"
0,13,44,52,USFCH4RT,lb/MWh,"Annual CH₄ fossil fuel output emission rate (lb/MWh), US value, 2018",2018,"Annual CH4 fossil fuel output emission rate (lb/MWh), US value, 2018"
0,13,45,52,USCH4CRT,lb/MWh,"Annual CH₄ combustion output emission rate (lb/MWh), US value, 2018",2018,"Annual CH4 combustion output emission rate (lb/MWh), US value, 2018"
0,13,40,99,PLCH4RTA,lb/MWh,,2018,
0,13,45,99,PLCH4CRT,lb/MWh,,2018,
0,14,40,49,SRN2ORTA,lb/MWh,"Annual N₂O total output emission rate (lb/MWh), by eGRID subregion, 2018",2018,"Annual N2O total output emission rate (lb/MWh), by eGRID subregion, 2018"
0,14,41,49,SRCN2ORT,lb/MWh,"Annual N₂O coal output emission rate (lb/MWh), by eGRID subregion, 2018",2018,"Annual N2O coal output emission rate (lb/MWh), by eGRID subregion, 2018"
0,14,42,49,SRON2ORT,lb/MWh,"Annual N₂O oil output emission rate (lb/MWh), by eGRID subregion, 2018",2018,"Annual N2O oil output emission rate (lb/MWh), by eGRID subregion, 2018"
0,14,43,49,SRGN2ORT,lb/MWh,"Annual N₂O gas output emission rate (lb/MWh), by eGRID subregion, 2018",2018,"Annual N2O gas output emission rate (lb/MWh), by eGRID subregion, 2018"
0,14,44,49,SRFN2ORT,lb/MWh,"Annual N₂O fossil fuel output emission rate (lb/MWh), by eGRID subregion, 2018",2018,"Annual N2O fossil fuel output emission rate (lb/MWh), by eGRID subregion, 2018"
0,14,45,49,SRN2OCRT,lb/MWh,"Annual N₂O combustion output emission rate (lb/MWh), by eGRID subregion, 2018",2018,"Annual N2O combustion output emission rate (lb/MWh), by eGRID subregion, 2018"
0,14,40,50,STN2ORTA,lb/MWh,"Annual N₂O total output emission rate (lb/MWh), by state, 2018",2018,"Annual N2O total output emission rate (lb/MWh), by state, 2018"
0,14,41,50,STCN2ORT,lb/MWh,"Annual N₂O coal output emission rate (lb/MWh), by state, 2018",2018,"Annual N2O coal output emission rate (lb/MWh), by state, 2018"
0,14,42,50,STON2ORT,lb/MWh,"Annual N₂O oil output emission rate (lb/MWh), by state, 2018",2018,"Annual N2O oil output emission rate (lb/MWh), by state, 2018"
0,14,43,50,STGN2ORT,lb/MWh,"Annual N₂O gas output emission rate (lb/MWh), by state, 2018",2018,"Annual N2O gas output emission rate (lb/MWh), by state, 2018"
0,14,44,50,STFN2ORT,lb/MWh,"Annual N₂O fossil fuel output emission rate (lb/MWh), by state, 2018",2018,"Annual N2O fossil fuel output emission rate (lb/MWh), by state, 2018"
0,14,45,50,STN2OCRT,lb/MWh,"Annual N₂O combustion output emission rate (lb/MWh), by state, 2018",2018,"Annual N2O combustion output emission rate (lb/MWh), by state, 2018"
0,14,40,51,NRN2ORTA,lb/MWh,"Annual N₂O total output emission rate (lb/MWh), by NERC region, 2018",2018,"Annual N2O total output emission rate (lb/MWh), by NERC region, 2018"
0,14,41,51,NRCN2ORT,lb/MWh,"Annual N₂O coal output emission rate (lb/MWh), by NERC region, 2018",2018,"Annual N2O coal output emission rate (lb/MWh), by NERC region, 2018"
0,14,42,51,NRON2ORT,lb/MWh,"Annual N₂O oil output emission rate (lb/MWh), by NERC region, 2018",2018,"Annual N2O oil output emission rate (lb/MWh), by NERC region, 2018"
0,14,43,51,NRGN2ORT,lb/MWh,"Annual N₂O gas output emission rate (lb/MWh), by NERC region, 2018",2018,"Annual N2O gas output emission rate (lb/MWh), by NERC region, 2018"
0,14,44,51,NRFN2ORT,lb/MWh,"Annual N₂O fossil fuel output emission rate (lb/MWh), by NERC region, 2018",2018,"Annual N2O fossil fuel output emission rate (lb/MWh), by NERC region, 2018"
0,14,45,51,NRN2OCRT,lb/MWh,"Annual N₂O combustion output emission rate (lb/MWh), by NERC region, 2018",2018,"Annual N2O combustion output emission rate (lb/MWh), by NERC region, 2018"
0,14,40,52,USN2ORTA,lb/MWh,"Annual N₂O total output emission rate (lb/MWh), US value, 2018",2018,"Annual N2O total output emission rate (lb/MWh), US value, 2018"
0,14,41,52,USCN2ORT,lb/MWh,"Annual N₂O coal output emission rate (lb/MWh), US value, 2018",2018,"Annual N2O coal output emission rate (lb/MWh), US value, 2018"
0,14,42,52,USON2ORT,lb/MWh,"Annual N₂O oil output emission rate (lb/MWh), US value, 2018",2018,"Annual N2O oil output emission rate (lb/MWh), US value, 2018"
0,14,43,52,USGN2ORT,lb/MWh,"Annual N₂O gas output emission rate (lb/MWh), US value, 2018",2018,"Annual N2O gas output emission rate (lb/MWh), US value, 2018"
0,14,44,52,USFN2ORT,lb/MWh,"Annual N₂O fossil fuel output emission rate (lb/MWh), US value, 2018",2018,"Annual N2O fossil fuel output emission rate (lb/MWh), US value, 2018"
0,14,45,52,USN2OCRT,lb/MWh,"Annual N₂O combustion output emission rate (lb/MWh), US value, 2018",2018,"Annual N2O combustion output emission rate (lb/MWh), US value, 2018"
0,14,40,99,PLN2ORTA,lb/MWh,,2018,
0,14,45,99,PLN2OCRT,lb/MWh,,2018,
0,15,40,49,SRC2ERTA,lb/MWh,"Annual CO₂ equivalent total output emission rate (lb/MWh), by eGRID subregion, 2018",2018,"Annual CO2 equivalent total output emission rate (lb/MWh), by eGRID subregion, 2018"
0,15,41,49,SRCC2ERT,lb/MWh,"Annual CO₂ equivalent coal output emission rate (lb/MWh), by eGRID subregion, 2018",2018,"Annual CO2 equivalent coal output emission rate (lb/MWh), by eGRID subregion, 2018"
0,15,42,49,SROC2ERT,lb/MWh,"Annual CO₂ equivalent oil output emission rate (lb/MWh), by eGRID subregion, 2018",2018,"Annual CO2 equivalent oil output emission rate (lb/MWh), by eGRID subregion, 2018"
0,15,43,49,SRGC2ERT,lb/MWh,"Annual CO₂ equivalent gas output emission rate (lb/MWh), by eGRID subregion, 2018",2018,"Annual CO2 equivalent gas output emission rate (lb/MWh), by eGRID subregion, 2018"
0,15,44,49,SRFSC2ERT,lb/MWh,"Annual CO₂ equivalent fossil fuel output emission rate (lb/MWh), by eGRID subregion, 2018",2018,"Annual CO2 equivalent fossil fuel output emission rate (lb/MWh), by eGRID subregion, 2018"
0,15,40,50,STC2ERTA,lb/MWh,"Annual CO₂ equivalent total output emission rate (lb/MWh), by state, 2018",2018,"Annual CO2 equivalent total output emission rate (lb/MWh), by state, 2018"
0,15,41,50,STCC2ERT,lb/MWh,"Annual CO₂ equivalent coal output emission rate (lb/MWh), by state, 2018",2018,"Annual CO2 equivalent coal output emission rate (lb/MWh), by state, 2018"
0,15,42,50,STOC2ERT,lb/MWh,"Annual CO₂ equivalent oil output emission rate (lb/MWh), by state, 2018",2018,"Annual CO2 equivalent oil output emission rate (lb/MWh), by state, 2018"
0,15,43,50,STGC2ERT,lb/MWh,"Annual CO₂ equivalent gas output emission rate (lb/MWh), by state, 2018",2018,"Annual CO2 equivalent gas output emission rate (lb/MWh), by state, 2018"
0,15,44,50,STFSC2ERT,lb/MWh,"Annual CO₂ equivalent fossil fuel output emission rate (lb/MWh), by state, 2018",2018,"Annual CO2 equivalent fossil fuel output emission rate (lb/MWh), by state, 2018"
0,15,40,51,NRC2ERTA,lb/MWh,"Annual CO₂ equivalent total output emission rate (lb/MWh), by NERC region, 2018",2018,"Annual CO2 equivalent total output emission rate (lb/MWh), by NERC region, 2018"
0,15,41,51,NRCC2ERT,lb/MWh,"Annual CO₂ equivalent coal output emission rate (lb/MWh), by NERC region, 2018",2018,"Annual CO2 equivalent coal output emission rate (lb/MWh), by NERC region, 2018"
0,15,42,51,NROC2ERT,lb/MWh,"Annual CO₂ equivalent oil output emission rate (lb/MWh), by NERC region, 2018",2018,"Annual CO2 equivalent oil output emission rate (lb/MWh), by NERC region, 2018"
0,15,43,51,NRGC2ERT,lb/MWh,"Annual CO₂ equivalent gas output emission rate (lb/MWh), by NERC region, 2018",2018,"Annual CO2 equivalent gas output emission rate (lb/MWh), by NERC region, 2018"
0,15,44,51,NRFSC2ERT,lb/MWh,"Annual CO₂ equivalent fossil fuel output emission rate (lb/MWh), by NERC region, 2018",2018,"Annual CO2 equivalent fossil fuel output emission rate (lb/MWh), by NERC region, 2018"
0,15,40,52,USC2ERTA,lb/MWh,"Annual CO₂ equivalent total output emission rate (lb/MWh), US value, 2018",2018,"Annual CO2 equivalent total output emission rate (lb/MWh), US value, 2018"
0,15,41,52,USCC2ERT,lb/MWh,"Annual CO₂ equivalent coal output emission rate (lb/MWh), US value, 2018",2018,"Annual CO2 equivalent coal output emission rate (lb/MWh), US value, 2018"
0,15,42,52,USOC2ERT,lb/MWh,"Annual CO₂ equivalent oil output emission rate (lb/MWh), US value, 2018",2018,"Annual CO2 equivalent oil output emission rate (lb/MWh), US value, 2018"
0,15,43,52,USGC2ERT,lb/MWh,"Annual CO₂ equivalent gas output emission rate (lb/MWh), US value, 2018",2018,"Annual CO2 equivalent gas output emission rate (lb/MWh), US value, 2018"
0,15,44,52,USFSC2ERT,lb/MWh,"Annual CO₂ equivalent fossil fuel output emission rate (lb/MWh), US value, 2018",2018,"Annual CO2 equivalent fossil fuel output emission rate (lb/MWh), US value, 2018"
0,15,40,99,PLC2ERTA,lb/MWh,,2018,
1,10,40,49,SRCO2RA,lb/MMBtu,"Annual CO₂ input emission rate (lb/MMBtu), by eGRID subregion, 2018",2018,"Annual CO2 input emission rate (lb/MMBtu), by eGRID subregion, 2018"
1,10,41,49,SRCCO2R,lb/MMBtu,"Annual CO₂ coal input emission rate (lb/MMBtu), by eGRID subregion, 2018",2018,"Annual CO2 coal input emission rate (lb/MMBtu), by eGRID subregion, 2018"
1,10,42,49,SROCO2R,lb/MMBtu,"Annual CO₂ oil input emission rate (lb/MMBtu), by eGRID subregion, 2018",2018,"Annual CO2 oil input emission rate (lb/MMBtu), by eGRID subregion, 2018"
1,10,43,49,SRGCO2R,lb/MMBtu,"Annual CO₂ gas input emission rate (lb/MMBtu), by eGRID subregion, 2018",2018,"Annual CO2 gas input emission rate (lb/MMBtu), by eGRID subregion, 2018"
1,10,44,49,SRFSC2R,lb/MMBtu,"Annual CO₂ fossil fuel input emission rate (lb/MMBtu), by eGRID subregion, 2018",2018,"Annual CO2 fossil fuel input emission rate (lb/MMBtu), by eGRID subregion, 2018"
1,10,40,50,STCO2RA,lb/MMBtu,"Annual CO₂ input emission rate (lb/MMBtu), by state, 2018",2018,"Annual CO2 input emission rate (lb/MMBtu), by state, 2018"
1,10,41,50,STCCO2R,lb/MMBtu,"Annual CO₂ coal input emission rate (lb/MMBtu), by state, 2018",2018,"Annual CO2 coal input emission rate (lb/MMBtu), by state, 2018"
1,10,42,50,STOCO2R,lb/MMBtu,"Annual CO₂ oil input emission rate (lb/MMBtu), by state, 2018",2018,"Annual CO2 oil input emission rate (lb/MMBtu), by state, 2018"
1,10,43,50,STGCO2R,lb/MMBtu,"Annual CO₂ gas input emission rate (lb/MMBtu), by state, 2018",2018,"Annual CO2 gas input emission rate (lb/MMBtu), by state, 2018"
1,10,44,50,STFSC2R,lb/MMBtu,"Annual CO₂ fossil fuel input emission rate (lb/MMBtu), by state, 2018",2018,"Annual CO2 fossil fuel input emission rate (lb/MMBtu), by state, 2018"
1,10,40,51,NRCO2RA,lb/MMBtu,"Annual CO₂ input emission rate (lb/MMBtu), by NERC region, 2018",2018,"Annual CO2 input emission rate (lb/MMBtu), by NERC region, 2018"
1,10,41,51,NRCCO2R,lb/MMBtu,"Annual CO₂ coal input emission rate (lb/MMBtu), by NERC region, 2018",2018,"Annual CO2 coal input emission rate (lb/MMBtu), by NERC region, 2018"
1,10,42,51,NROCO2R,lb/MMBtu,"Annual CO₂ oil input emission rate (lb/MMBtu), by NERC region, 2018",2018,"Annual CO2 oil input emission rate (lb/MMBtu), by NERC region, 2018"
1,10,43,51,NRGCO2R,lb/MMBtu,"Annual CO₂ gas input emission rate (lb/MMBtu), by NERC region, 2018",2018,"Annual CO2 gas input emission rate (lb/MMBtu), by NERC region, 2018"
1,10,44,51,NRFSC2R,lb/MMBtu,"Annual CO₂ fossil fuel input emission rate (lb/MMBtu), by NERC region, 2018",2018,"Annual CO2 fossil fuel input emission rate (lb/MMBtu), by NERC region, 2018"
1,10,40,52,USCO2RA,lb/MMBtu,"Annual CO₂ input emission rate (lb/MMBtu), US value, 2018",2018,"Annual CO2 input emission rate (lb/MMBtu), US value, 2018"
1,10,41,52,USCCO2R,lb/MMBtu,"Annual CO₂ coal input emission rate (lb/MMBtu), US value, 2018",2018,"Annual CO2 coal input emission rate (lb/MMBtu), US value, 2018"
1,10,42,52,USOCO2R,lb/MMBtu,"Annual CO₂ oil input emission rate (lb/MMBtu), US value, 2018",2018,"Annual CO2 oil input emission rate (lb/MMBtu), US value, 2018"
1,10,43,52,USGCO2R,lb/MMBtu,"Annual CO₂ gas input emission rate (lb/MMBtu), US value, 2018",2018,"Annual CO2 gas input emission rate (lb/MMBtu), US value, 2018"
1,10,44,52,USFSC2R,lb/MMBtu,"Annual CO₂ fossil fuel input emission rate (lb/MMBtu), US value, 2018",2018,"Annual CO2 fossil fuel input emission rate (lb/MMBtu), US value, 2018"
1,10,40,99,PLCO2RA,lb/MMBtu,,2018,
1,11,40,49,SRNOXRA,lb/MMBtu,"Annual NOₓ input emission rate (lb/MMBtu), by eGRID subregion, 2018",2018,"Annual NOx input emission rate (lb/MMBtu), by eGRID subregion, 2018"
1,11,41,49,SRCNOXR,lb/MMBtu,"Annual NOₓ coal input emission rate (lb/MMBtu), by eGRID subregion, 2018",2018,"Annual NOx coal input emission rate (lb/MMBtu), by eGRID subregion, 2018"
1,11,42,49,SRONOXR,lb/MMBtu,"Annual NOₓ oil input emission rate (lb/MMBtu), by eGRID subregion, 2018",2018,"Annual NOx oil input emission rate (lb/MMBtu), by eGRID subregion, 2018"
1,11,43,49,SRGNOXR,lb/MMBtu,"Annual NOₓ gas input emission rate (lb/MMBtu), by eGRID subregion, 2018",2018,"Annual NOx gas input emission rate (lb/MMBtu), by eGRID subregion, 2018"
1,11,44,49,SRFSNXR,lb/MMBtu,"Annual NOₓ fossil fuel input emission rate (lb/MMBtu), by eGRID subregion, 2018",2018,"Annual NOx fossil fuel input emission rate (lb/MMBtu), by eGRID subregion, 2018"
1,11,40,99,PLNOXRA,lb/MMBtu,,2018,
1,11,40,50,STNOXRA,lb/MMBtu,"Annual NOₓ input emission rate (lb/MMBtu), by state, 2018",2018,"Annual NOx input emission rate (lb/MMBtu), by state, 2018"
1,11,41,50,STCNOXR,lb/MMBtu,"Annual NOₓ coal input emission rate (lb/MMBtu), by state, 2018",2018,"Annual NOx coal input emission rate (lb/MMBtu), by state, 2018"
1,11,42,50,STONOXR,lb/MMBtu,"Annual NOₓ oil input emission rate (lb/MMBtu), by state, 2018",2018,"Annual NOx oil input emission rate (lb/MMBtu), by state, 2018"
1,11,43,50,STGNOXR,lb/MMBtu,"Annual NOₓ gas input emission rate (lb/MMBtu), by state, 2018",2018,"Annual NOx gas input emission rate (lb/MMBtu), by state, 2018"
1,11,44,50,STFSNXR,lb/MMBtu,"Annual NOₓ fossil fuel input emission rate (lb/MMBtu), by state, 2018",2018,"Annual NOx fossil fuel input emission rate (lb/MMBtu), by state, 2018"
1,11,40,51,NRNOXRA,lb/MMBtu,"Annual NOₓ input emission rate (lb/MMBtu), by NERC region, 2018",2018,"Annual NOx input emission rate (lb/MMBtu), by NERC region, 2018"
1,11,41,51,NRCNOXR,lb/MMBtu,"Annual NOₓ coal input emission rate (lb/MMBtu), by NERC region, 2018",2018,"Annual NOx coal input emission rate (lb/MMBtu), by NERC region, 2018"
1,11,42,51,NRONOXR,lb/MMBtu,"Annual NOₓ oil input emission rate (lb/MMBtu), by NERC region, 2018",2018,"Annual NOx oil input emission rate (lb/MMBtu), by NERC region, 2018"
1,11,43,51,NRGNOXR,lb/MMBtu,"Annual NOₓ gas input emission rate (lb/MMBtu), by NERC region, 2018",2018,"Annual NOx gas input emission rate (lb/MMBtu), by NERC region, 2018"
1,11,44,51,NRFSNXR,lb/MMBtu,"Annual NOₓ fossil fuel input emission rate (lb/MMBtu), by NERC region, 2018",2018,"Annual NOx fossil fuel input emission rate (lb/MMBtu), by NERC region, 2018"
1,11,40,52,USNOXRA,lb/MMBtu,"Annual NOₓ input emission rate (lb/MMBtu), US value, 2018",2018,"Annual NOx input emission rate (lb/MMBtu), US value, 2018"
1,11,41,52,USCNOXR,lb/MMBtu,"Annual NOₓ coal input emission rate (lb/MMBtu), US value, 2018",2018,"Annual NOx coal input emission rate (lb/MMBtu), US value, 2018"
1,11,42,52,USONOXR,lb/MMBtu,"Annual NOₓ oil input emission rate (lb/MMBtu), US value, 2018",2018,"Annual NOx oil input emission rate (lb/MMBtu), US value, 2018"
1,11,43,52,USGNOXR,lb/MMBtu,"Annual NOₓ gas input emission rate (lb/MMBtu), US value, 2018",2018,"Annual NOx gas input emission rate (lb/MMBtu), US value, 2018"
1,11,44,52,USFSNXR,lb/MMBtu,"Annual NOₓ fossil fuel input emission rate (lb/MMBtu), US value, 2018",2018,"Annual NOx fossil fuel input emission rate (lb/MMBtu), US value, 2018"
1,66,40,49,SRNOXRO,lb/MMBtu,"Ozone season NOₓ input emission rate (lb/MMBtu), by eGRID subregion, 2018",2018,"Ozone season NOx input emission rate (lb/MMBtu), by eGRID subregion, 2018"
1,66,41,49,SRCNXOR,lb/MMBtu,"Ozone season NOₓ coal input emission rate (lb/MMBtu), by eGRID subregion, 2018",2018,"Ozone season NOx coal input emission rate (lb/MMBtu), by eGRID subregion, 2018"
1,66,42,49,SRONXOR,lb/MMBtu,"Ozone season NOₓ oil input emission rate (lb/MMBtu), by eGRID subregion, 2018",2018,"Ozone season NOx oil input emission rate (lb/MMBtu), by eGRID subregion, 2018"
1,66,43,49,SRGNXOR,lb/MMBtu,"Ozone season NOₓ gas input emission rate (lb/MMBtu), by eGRID subregion, 2018",2018,"Ozone season NOx gas input emission rate (lb/MMBtu), by eGRID subregion, 2018"
1,66,44,49,SRFSNOR,lb/MMBtu,"Ozone season NOₓ fossil fuel input emission rate (lb/MMBtu), by eGRID subregion, 2018",2018,"Ozone season NOx fossil fuel input emission rate (lb/MMBtu), by eGRID subregion, 2018"
1,66,40,99,PLNOXRO,lb/MMBtu,,2018,
1,66,40,50,STNOXRO,lb/MMBtu,"Ozone season NOₓ input emission rate (lb/MMBtu), by state, 2018",2018,"Ozone season NOx input emission rate (lb/MMBtu), by state, 2018"
1,66,41,50,STCNXOR,lb/MMBtu,"Ozone season NOₓ coal input emission rate (lb/MMBtu), by state, 2018",2018,"Ozone season NOx coal input emission rate (lb/MMBtu), by state, 2018"
1,66,42,50,STONXOR,lb/MMBtu,"Ozone season NOₓ oil input emission rate (lb/MMBtu), by state, 2018",2018,"Ozone season NOx oil input emission rate (lb/MMBtu), by state, 2018"
1,66,43,50,STGNXOR,lb/MMBtu,"Ozone season NOₓ gas input emission rate (lb/MMBtu), by state, 2018",2018,"Ozone season NOx gas input emission rate (lb/MMBtu), by state, 2018"
1,66,44,50,STFSNOR,lb/MMBtu,"Ozone season NOₓ fossil fuel input emission rate (lb/MMBtu), by state, 2018",2018,"Ozone season NOx fossil fuel input emission rate (lb/MMBtu), by state, 2018"
1,66,40,51,NRNOXRO,lb/MMBtu,"Ozone season NOₓ input emission rate (lb/MMBtu), by NERC region, 2018",2018,"Ozone season NOx input emission rate (lb/MMBtu), by NERC region, 2018"
1,66,41,51,NRCNXOR,lb/MMBtu,"Ozone season NOₓ coal input emission rate (lb/MMBtu), by NERC region, 2018",2018,"Ozone season NOx coal input emission rate (lb/MMBtu), by NERC region, 2018"
1,66,42,51,NRONXOR,lb/MMBtu,"Ozone season NOₓ oil input emission rate (lb/MMBtu), by NERC region, 2018",2018,"Ozone season NOx oil input emission rate (lb/MMBtu), by NERC region, 2018"
1,66,43,51,NRGNXOR,lb/MMBtu,"Ozone season NOₓ gas input emission rate (lb/MMBtu), by NERC region, 2018",2018,"Ozone season NOx gas input emission rate (lb/MMBtu), by NERC region, 2018"
1,66,44,51,NRFSNOR,lb/MMBtu,"Ozone season NOₓ fossil fuel input emission rate (lb/MMBtu), by NERC region, 2018",2018,"Ozone season NOx fossil fuel input emission rate (lb/MMBtu), by NERC region, 2018"
1,66,40,52,USNOXRO,lb/MMBtu,"Ozone season NOₓ input emission rate (lb/MMBtu), US value, 2018",2018,"Ozone season NOx input emission rate (lb/MMBtu), US value, 2018"
1,66,41,52,USCNXOR,lb/MMBtu,"Ozone season NOₓ coal input emission rate (lb/MMBtu), US value, 2018",2018,"Ozone season NOx coal input emission rate (lb/MMBtu), US value, 2018"
1,66,42,52,USONXOR,lb/MMBtu,"Ozone season NOₓ oil input emission rate (lb/MMBtu), US value, 2018",2018,"Ozone season NOx oil input emission rate (lb/MMBtu), US value, 2018"
1,66,43,52,USGNXOR,lb/MMBtu,"Ozone season NOₓ gas input emission rate (lb/MMBtu), US value, 2018",2018,"Ozone season NOx gas input emission rate (lb/MMBtu), US value, 2018"
1,66,44,52,USFSNOR,lb/MMBtu,"Ozone season NOₓ fossil fuel input emission rate (lb/MMBtu), US value, 2018",2018,"Ozone season NOx fossil fuel input emission rate (lb/MMBtu), US value, 2018"
1,12,40,49,SRSO2RA,lb/MMBtu,"Annual SO₂ input emission rate (lb/MMBtu), by eGRID subregion, 2018",2018,"Annual SO2 input emission rate (lb/MMBtu), by eGRID subregion, 2018"
1,12,41,49,SRCSO2R,lb/MMBtu,"Annual SO₂ coal input emission rate (lb/MMBtu), by eGRID subregion, 2018",2018,"Annual SO2 coal input emission rate (lb/MMBtu), by eGRID subregion, 2018"
1,12,42,49,SROSO2R,lb/MMBtu,"Annual SO₂ oil input emission rate (lb/MMBtu), by eGRID subregion, 2018",2018,"Annual SO2 oil input emission rate (lb/MMBtu), by eGRID subregion, 2018"
1,12,43,49,SRGSO2R,lb/MMBtu,"Annual SO₂ gas input emission rate (lb/MMBtu), by eGRID subregion, 2018",2018,"Annual SO2 gas input emission rate (lb/MMBtu), by eGRID subregion, 2018"
1,12,44,49,SRFSS2R,lb/MMBtu,"Annual SO₂ fossil fuel input emission rate (lb/MMBtu), by eGRID subregion, 2018",2018,"Annual SO2 fossil fuel input emission rate (lb/MMBtu), by eGRID subregion, 2018"
1,12,40,50,STSO2RA,lb/MMBtu,"Annual SO₂ input emission rate (lb/MMBtu), by state, 2018",2018,"Annual SO2 input emission rate (lb/MMBtu), by state, 2018"
1,12,41,50,STCSO2R,lb/MMBtu,"Annual SO₂ coal input emission rate (lb/MMBtu), by state, 2018",2018,"Annual SO2 coal input emission rate (lb/MMBtu), by state, 2018"
1,12,42,50,STOSO2R,lb/MMBtu,"Annual SO₂ oil input emission rate (lb/MMBtu), by state, 2018",2018,"Annual SO2 oil input emission rate (lb/MMBtu), by state, 2018"
1,12,43,50,STGSO2R,lb/MMBtu,"Annual SO₂ gas input emission rate (lb/MMBtu), by state, 2018",2018,"Annual SO2 gas input emission rate (lb/MMBtu), by state, 2018"
1,12,44,50,STFSS2R,lb/MMBtu,"Annual SO₂ fossil fuel input emission rate (lb/MMBtu), by state, 2018",2018,"Annual SO2 fossil fuel input emission rate (lb/MMBtu), by state, 2018"
1,12,40,51,NRSO2RA,lb/MMBtu,"Annual SO₂ input emission rate (lb/MMBtu), by NERC region, 2018",2018,"Annual SO2 input emission rate (lb/MMBtu), by NERC region, 2018"
1,12,41,51,NRCSO2R,lb/MMBtu,"Annual SO₂ coal input emission rate (lb/MMBtu), by NERC region, 2018",2018,"Annual SO2 coal input emission rate (lb/MMBtu), by NERC region, 2018"
1,12,42,51,NROSO2R,lb/MMBtu,"Annual SO₂ oil input emission rate (lb/MMBtu), by NERC region, 2018",2018,"Annual SO2 oil input emission rate (lb/MMBtu), by NERC region, 2018"
1,12,43,51,NRGSO2R,lb/MMBtu,"Annual SO₂ gas input emission rate (lb/MMBtu), by NERC region, 2018",2018,"Annual SO2 gas input emission rate (lb/MMBtu), by NERC region, 2018"
1,12,44,51,NRFSS2R,lb/MMBtu,"Annual SO₂ fossil fuel input emission rate (lb/MMBtu), by NERC region, 2018",2018,"Annual SO2 fossil fuel input emission rate (lb/MMBtu), by NERC region, 2018"
1,12,40,52,USSO2RA,lb/MMBtu,"Annual SO₂ input emission rate (lb/MMBtu), US value, 2018",2018,"Annual SO2 input emission rate (lb/MMBtu), US value, 2018"
1,12,41,52,USCSO2R,lb/MMBtu,"Annual SO₂ coal input emission rate (lb/MMBtu), US value, 2018",2018,"Annual SO2 coal input emission rate (lb/MMBtu), US value, 2018"
1,12,42,52,USOSO2R,lb/MMBtu,"Annual SO₂ oil input emission rate (lb/MMBtu), US value, 2018",2018,"Annual SO2 oil input emission rate (lb/MMBtu), US value, 2018"
1,12,43,52,USGSO2R,lb/MMBtu,"Annual SO₂ gas input emission rate (lb/MMBtu), US value, 2018",2018,"Annual SO2 gas input emission rate (lb/MMBtu), US value, 2018"
1,12,44,52,USFSS2R,lb/MMBtu,"Annual SO₂ fossil fuel input emission rate (lb/MMBtu), US value, 2018",2018,"Annual SO2 fossil fuel input emission rate (lb/MMBtu), US value, 2018"
1,12,40,99,PLSO2RA,lb/MMBtu,,2018,
1,13,40,49,SRCH4RA,lb/MMBtu,"Annual CH₄ input emission rate (lb/MMBtu), by eGRID subregion, 2018",2018,"Annual CH4 input emission rate (lb/MMBtu), by eGRID subregion, 2018"
1,13,41,49,SRCCH4R,lb/MMBtu,"Annual CH₄ coal input emission rate (lb/MMBtu), by eGRID subregion, 2018",2018,"Annual CH4 coal input emission rate (lb/MMBtu), by eGRID subregion, 2018"
1,13,42,49,SROCH4R,lb/MMBtu,"Annual CH₄ oil input emission rate (lb/MMBtu), by eGRID subregion, 2018",2018,"Annual CH4 oil input emission rate (lb/MMBtu), by eGRID subregion, 2018"
1,13,43,49,SRGCH4R,lb/MMBtu,"Annual CH₄ gas input emission rate (lb/MMBtu), by eGRID subregion, 2018",2018,"Annual CH4 gas input emission rate (lb/MMBtu), by eGRID subregion, 2018"
1,13,44,49,SRFCH4R,lb/MMBtu,"Annual CH₄ fossil fuel input emission rate (lb/MMBtu), by eGRID subregion, 2018",2018,"Annual CH4 fossil fuel input emission rate (lb/MMBtu), by eGRID subregion, 2018"
1,13,40,50,STCH4RA,lb/MMBtu,"Annual CH₄ input emission rate (lb/MMBtu), by state, 2018",2018,"Annual CH4 input emission rate (lb/MMBtu), by state, 2018"
1,13,41,50,STCCH4R,lb/MMBtu,"Annual CH₄ coal input emission rate (lb/MMBtu), by state, 2018",2018,"Annual CH4 coal input emission rate (lb/MMBtu), by state, 2018"
1,13,42,50,STOCH4R,lb/MMBtu,"Annual CH₄ oil input emission rate (lb/MMBtu), by state, 2018",2018,"Annual CH4 oil input emission rate (lb/MMBtu), by state, 2018"
1,13,43,50,STGCH4R,lb/MMBtu,"Annual CH₄ gas input emission rate (lb/MMBtu), by state, 2018",2018,"Annual CH4 gas input emission rate (lb/MMBtu), by state, 2018"
1,13,44,50,STFCH4R,lb/MMBtu,"Annual CH₄ fossil fuel input emission rate (lb/MMBtu), by state, 2018",2018,"Annual CH4 fossil fuel input emission rate (lb/MMBtu), by state, 2018"
1,13,40,51,NRCH4RA,lb/MMBtu,"Annual CH₄ input emission rate (lb/MMBtu), by NERC region, 2018",2018,"Annual CH4 input emission rate (lb/MMBtu), by NERC region, 2018"
1,13,41,51,NRCCH4R,lb/MMBtu,"Annual CH₄ coal input emission rate (lb/MMBtu), by NERC region, 2018",2018,"Annual CH4 coal input emission rate (lb/MMBtu), by NERC region, 2018"
1,13,42,51,NROCH4R,lb/MMBtu,"Annual CH₄ oil input emission rate (lb/MMBtu), by NERC region, 2018",2018,"Annual CH4 oil input emission rate (lb/MMBtu), by NERC region, 2018"
1,13,43,51,NRGCH4R,lb/MMBtu,"Annual CH₄ gas input emission rate (lb/MMBtu), by NERC region, 2018",2018,"Annual CH4 gas input emission rate (lb/MMBtu), by NERC region, 2018"
1,13,44,51,NRFCH4R,lb/MMBtu,"Annual CH₄ fossil fuel input emission rate (lb/MMBtu), by NERC region, 2018",2018,"Annual CH4 fossil fuel input emission rate (lb/MMBtu), by NERC region, 2018"
1,13,40,52,USCH4RA,lb/MMBtu,"Annual CH₄ input emission rate (lb/MMBtu), US value, 2018",2018,"Annual CH4 input emission rate (lb/MMBtu), US value, 2018"
1,13,41,52,USCCH4R,lb/MMBtu,"Annual CH₄ coal input emission rate (lb/MMBtu), US value, 2018",2018,"Annual CH4 coal input emission rate (lb/MMBtu), US value, 2018"
1,13,42,52,USOCH4R,lb/MMBtu,"Annual CH₄ oil input emission rate (lb/MMBtu), US value, 2018",2018,"Annual CH4 oil input emission rate (lb/MMBtu), US value, 2018"
1,13,43,52,USGCH4R,lb/MMBtu,"Annual CH₄ gas input emission rate (lb/MMBtu), US value, 2018",2018,"Annual CH4 gas input emission rate (lb/MMBtu), US value, 2018"
1,13,44,52,USFCH4R,lb/MMBtu,"Annual CH₄ fossil fuel input emission rate (lb/MMBtu), US value, 2018",2018,"Annual CH4 fossil fuel input emission rate (lb/MMBtu), US value, 2018"
1,13,40,99,PLCH4RA,lb/MMBtu,,2018,
1,14,40,49,SRN2ORA,lb/MMBtu,"Annual N₂O input emission rate (lb/MMBtu), by eGRID subregion, 2018",2018,"Annual N2O input emission rate (lb/MMBtu), by eGRID subregion, 2018"
1,14,41,49,SRCN2OR,lb/MMBtu,"Annual N₂O coal input emission rate (lb/MMBtu), by eGRID subregion, 2018",2018,"Annual N2O coal input emission rate (lb/MMBtu), by eGRID subregion, 2018"
1,14,42,49,SRON2OR,lb/MMBtu,"Annual N₂O oil input emission rate (lb/MMBtu), by eGRID subregion, 2018",2018,"Annual N2O oil input emission rate (lb/MMBtu), by eGRID subregion, 2018"
1,14,43,49,SRGN2OR,lb/MMBtu,"Annual N₂O gas input emission rate (lb/MMBtu), by eGRID subregion, 2018",2018,"Annual N2O gas input emission rate (lb/MMBtu), by eGRID subregion, 2018"
1,14,44,49,SRFN2OR,lb/MMBtu,"Annual N₂O fossil fuel input emission rate (lb/MMBtu), by eGRID subregion, 2018",2018,"Annual N2O fossil fuel input emission rate (lb/MMBtu), by eGRID subregion, 2018"
1,14,40,50,STN2ORA,lb/MMBtu,"Annual N₂O input emission rate (lb/MMBtu), by state, 2018",2018,"Annual N2O input emission rate (lb/MMBtu), by state, 2018"
1,14,41,50,STCN2OR,lb/MMBtu,"Annual N₂O coal input emission rate (lb/MMBtu), by state, 2018",2018,"Annual N2O coal input emission rate (lb/MMBtu), by state, 2018"
1,14,42,50,STON2OR,lb/MMBtu,"Annual N₂O oil input emission rate (lb/MMBtu), by state, 2018",2018,"Annual N2O oil input emission rate (lb/MMBtu), by state, 2018"
1,14,43,50,STGN2OR,lb/MMBtu,"Annual N₂O gas input emission rate (lb/MMBtu), by state, 2018",2018,"Annual N2O gas input emission rate (lb/MMBtu), by state, 2018"
1,14,44,50,STFN2OR,lb/MMBtu,"Annual N₂O fossil fuel input emission rate (lb/MMBtu), by state, 2018",2018,"Annual N2O fossil fuel input emission rate (lb/MMBtu), by state, 2018"
1,14,40,51,NRN2ORA,lb/MMBtu,"Annual N₂O input emission rate (lb/MMBtu), by NERC region, 2018",2018,"Annual N2O input emission rate (lb/MMBtu), by NERC region, 2018"
1,14,41,51,NRCN2OR,lb/MMBtu,"Annual N₂O coal input emission rate (lb/MMBtu), by NERC region, 2018",2018,"Annual N2O coal input emission rate (lb/MMBtu), by NERC region, 2018"
1,14,42,51,NRON2OR,lb/MMBtu,"Annual N₂O oil input emission rate (lb/MMBtu), by NERC region, 2018",2018,"Annual N2O oil input emission rate (lb/MMBtu), by NERC region, 2018"
1,14,43,51,NRGN2OR,lb/MMBtu,"Annual N₂O gas input emission rate (lb/MMBtu), by NERC region, 2018",2018,"Annual N2O gas input emission rate (lb/MMBtu), by NERC region, 2018"
1,14,44,51,NRFN2OR,lb/MMBtu,"Annual N₂O fossil fuel input emission rate (lb/MMBtu), by NERC region, 2018",2018,"Annual N2O fossil fuel input emission rate (lb/MMBtu), by NERC region, 2018"
1,14,40,52,USN2ORA,lb/MMBtu,"Annual N₂O input emission rate (lb/MMBtu), US value, 2018",2018,"Annual N2O input emission rate (lb/MMBtu), US value, 2018"
1,14,41,52,USCN2OR,lb/MMBtu,"Annual N₂O coal input emission rate (lb/MMBtu), US value, 2018",2018,"Annual N2O coal input emission rate (lb/MMBtu), US value, 2018"
1,14,42,52,USON2OR,lb/MMBtu,"Annual N₂O oil input emission rate (lb/MMBtu), US value, 2018",2018,"Annual N2O oil input emission rate (lb/MMBtu), US value, 2018"
1,14,43,52,USGN2OR,lb/MMBtu,"Annual N₂O gas input emission rate (lb/MMBtu), US value, 2018",2018,"Annual N2O gas input emission rate (lb/MMBtu), US value, 2018"
1,14,44,52,USFN2OR,lb/MMBtu,"Annual N₂O fossil fuel input emission rate (lb/MMBtu), US value, 2018",2018,"Annual N2O fossil fuel input emission rate (lb/MMBtu), US value, 2018"
1,14,40,99,PLN2ORA,lb/MMBtu,,2018,
1,15,40,49,SRC2ERA,lb/MMBtu,"Annual CO₂ equivalent input emission rate (lb/MWh), by eGRID subregion, 2018",2018,"Annual CO2 equivalent input emission rate (lb/MWh), by eGRID subregion, 2018"
1,15,41,49,SRCC2ER,lb/MMBtu,"Annual CO₂ equivalent coal input emission rate (lb/MWh), by eGRID subregion, 2018",2018,"Annual CO2 equivalent coal input emission rate (lb/MWh), by eGRID subregion, 2018"
1,15,42,49,SROC2ER,lb/MMBtu,"Annual CO₂ equivalent oil input emission rate (lb/MWh), by eGRID subregion, 2018",2018,"Annual CO2 equivalent oil input emission rate (lb/MWh), by eGRID subregion, 2018"
1,15,43,49,SRGC2ER,lb/MMBtu,"Annual CO₂ equivalent gas input emission rate (lb/MWh), by eGRID subregion, 2018",2018,"Annual CO2 equivalent gas input emission rate (lb/MWh), by eGRID subregion, 2018"
1,15,44,49,SRFSC2ER,lb/MMBtu,"Annual CO₂ equivalent fossil fuel input emission rate (lb/MWh), by eGRID subregion, 2018",2018,"Annual CO2 equivalent fossil fuel input emission rate (lb/MWh), by eGRID subregion, 2018"
1,15,40,50,STC2ERA,lb/MMBtu,"Annual CO₂ equivalent input emission rate (lb/MWh), by state, 2018",2018,"Annual CO2 equivalent input emission rate (lb/MWh), by state, 2018"
1,15,41,50,STCC2ER,lb/MMBtu,"Annual CO₂ equivalent coal input emission rate (lb/MWh), by state, 2018",2018,"Annual CO2 equivalent coal input emission rate (lb/MWh), by state, 2018"
1,15,42,50,STOC2ER,lb/MMBtu,"Annual CO₂ equivalent oil input emission rate (lb/MWh), by state, 2018",2018,"Annual CO2 equivalent oil input emission rate (lb/MWh), by state, 2018"
1,15,43,50,STGC2ER,lb/MMBtu,"Annual CO₂ equivalent gas input emission rate (lb/MWh), by state, 2018",2018,"Annual CO2 equivalent gas input emission rate (lb/MWh), by state, 2018"
1,15,44,50,STFSC2ER,lb/MMBtu,"Annual CO₂ equivalent fossil fuel input emission rate (lb/MWh), by state, 2018",2018,"Annual CO2 equivalent fossil fuel input emission rate (lb/MWh), by state, 2018"
1,15,40,51,NRC2ERA,lb/MMBtu,"Annual CO₂ equivalent input emission rate (lb/MWh), by NERC region, 2018",2018,"Annual CO2 equivalent input emission rate (lb/MWh), by NERC region, 2018"
1,15,41,51,NRCC2ER,lb/MMBtu,"Annual CO₂ equivalent coal input emission rate (lb/MWh), by NERC region, 2018",2018,"Annual CO2 equivalent coal input emission rate (lb/MWh), by NERC region, 2018"
1,15,42,51,NROC2ER,lb/MMBtu,"Annual CO₂ equivalent oil input emission rate (lb/MWh), by NERC region, 2018",2018,"Annual CO2 equivalent oil input emission rate (lb/MWh), by NERC region, 2018"
1,15,43,51,NRGC2ER,lb/MMBtu,"Annual CO₂ equivalent gas input emission rate (lb/MWh), by NERC region, 2018",2018,"Annual CO2 equivalent gas input emission rate (lb/MWh), by NERC region, 2018"
1,15,44,51,NRFSC2ER,lb/MMBtu,"Annual CO₂ equivalent fossil fuel input emission rate (lb/MWh), by NERC region, 2018",2018,"Annual CO2 equivalent fossil fuel input emission rate (lb/MWh), by NERC region, 2018"
1,15,40,52,USC2ERA,lb/MMBtu,"Annual CO₂ equivalent input emission rate (lb/MWh), US value, 2018",2018,"Annual CO2 equivalent input emission rate (lb/MWh), US value, 2018"
1,15,41,52,USCC2ER,lb/MMBtu,"Annual CO₂ equivalent coal input emission rate (lb/MWh), US value, 2018",2018,"Annual CO2 equivalent coal input emission rate (lb/MWh), US value, 2018"
1,15,42,52,USOC2ER,lb/MMBtu,"Annual CO₂ equivalent oil input emission rate (lb/MWh), US value, 2018",2018,"Annual CO2 equivalent oil input emission rate (lb/MWh), US value, 2018"
1,15,43,52,USGC2ER,lb/MMBtu,"Annual CO₂ equivalent gas input emission rate (lb/MWh), US value, 2018",2018,"Annual CO2 equivalent gas input emission rate (lb/MWh), US value, 2018"
1,15,44,52,USFSC2ER,lb/MMBtu,"Annual CO₂ equivalent fossil fuel input emission rate (lb/MWh), US value, 2018",2018,"Annual CO2 equivalent fossil fuel input emission rate (lb/MWh), US value, 2018"
1,15,40,99,PLC2ERA,lb/MMBtu,,2018,
2,10,40,49,SRNBCO2,lb/MWh,"Annual CO₂ non-baseload  output emission rate (lb/MWh) , by eGRID subregion, 2018",2018,"Annual CO2 non-baseload  output emission rate (lb/MWh) , by eGRID subregion, 2018"
2,10,40,50,STNBCO2,lb/MWh,"Annual CO₂ non-baseload  output emission rate (lb/MWh) , by state, 2018",2018,"Annual CO2 non-baseload  output emission rate (lb/MWh) , by state, 2018"
2,10,40,51,NRNBCO2,lb/MWh,"Annual CO₂ non-baseload  output emission rate (lb/MWh) , by NERC region, 2018",2018,"Annual CO2 non-baseload  output emission rate (lb/MWh) , by NERC region, 2018"
2,10,40,52,USNBCO2,lb/MWh,"Annual CO₂ non-baseload  output emission rate (lb/MWh) , US value, 2018",2018,"Annual CO2 non-baseload  output emission rate (lb/MWh) , US value, 2018"
2,11,40,49,SRNBNOX,lb/MWh,"Annual NOₓ non-baseload output emission rate (lb/MWh), by eGRID subregion, 2018",2018,"Annual NOx non-baseload output emission rate (lb/MWh), by eGRID subregion, 2018"
2,11,40,50,STNBNOX,lb/MWh,"Annual NOₓ non-baseload output emission rate (lb/MWh), by state, 2018",2018,"Annual NOx non-baseload output emission rate (lb/MWh), by state, 2018"
2,11,40,51,NRNBNOX,lb/MWh,"Annual NOₓ non-baseload output emission rate (lb/MWh), by NERC region, 2018",2018,"Annual NOx non-baseload output emission rate (lb/MWh), by NERC region, 2018"
2,11,40,52,USNBNOX,lb/MWh,"Annual NOₓ non-baseload output emission rate (lb/MWh), US value, 2018",2018,"Annual NOx non-baseload output emission rate (lb/MWh), US value, 2018"
2,66,40,49,SRNBNXO,lb/MWh,"Ozone season NOₓ non-baseload output emission rate (lb/MWh), by eGRID subregion, 2018",2018,"Ozone season NOx non-baseload output emission rate (lb/MWh), by eGRID subregion, 2018"
2,66,40,50,STNBNXO,lb/MWh,"Ozone season NOₓ non-baseload output emission rate (lb/MWh), by state, 2018",2018,"Ozone season NOx non-baseload output emission rate (lb/MWh), by state, 2018"
2,66,40,51,NRNBNXO,lb/MWh,"Ozone season NOₓ non-baseload output emission rate (lb/MWh), by NERC region, 2018",2018,"Ozone season NOx non-baseload output emission rate (lb/MWh), by NERC region, 2018"
2,66,40,52,USNBNXO,lb/MWh,"Ozone season NOₓ non-baseload output emission rate (lb/MWh), US value, 2018",2018,"Ozone season NOx non-baseload output emission rate (lb/MWh), US value, 2018"
2,12,40,49,SRNBSO2,lb/MWh,"Annual SO₂ non-baseload output emission rate (lb/MWh) , by eGRID subregion, 2018",2018,"Annual SO2 non-baseload output emission rate (lb/MWh) , by eGRID subregion, 2018"
2,12,40,50,STNBSO2,lb/MWh,"Annual SO₂ non-baseload output emission rate (lb/MWh) , by state, 2018",2018,"Annual SO2 non-baseload output emission rate (lb/MWh) , by state, 2018"
2,12,40,51,NRNBSO2,lb/MWh,"Annual SO₂ non-baseload output emission rate (lb/MWh) , by NERC region, 2018",2018,"Annual SO2 non-baseload output emission rate (lb/MWh) , by NERC region, 2018"
2,12,40,52,USNBSO2,lb/MWh,"Annual SO₂ non-baseload output emission rate (lb/MWh) , US value, 2018",2018,"Annual SO2 non-baseload output emission rate (lb/MWh) , US value, 2018"
2,13,40,49,SRNBCH4,lb/MWh,"Annual CH₄ non-baseload output emission rate (lb/MWh), by eGRID subregion, 2018",2018,"Annual CH4 non-baseload output emission rate (lb/MWh), by eGRID subregion, 2018"
2,13,40,50,STNBCH4,lb/MWh,"Annual CH₄ non-baseload output emission rate (lb/MWh), by state, 2018",2018,"Annual CH4 non-baseload output emission rate (lb/MWh), by state, 2018"
2,13,40,51,NRNBCH4,lb/MWh,"Annual CH₄ non-baseload output emission rate (lb/MWh), by NERC region, 2018",2018,"Annual CH4 non-baseload output emission rate (lb/MWh), by NERC region, 2018"
2,13,40,52,USNBCH4,lb/MWh,"Annual CH₄ non-baseload output emission rate (lb/MWh), US value, 2018",2018,"Annual CH4 non-baseload output emission rate (lb/MWh), US value, 2018"
2,14,40,49,SRNBN2O,lb/MWh,"Annual N₂O non-baseload output emission rate (lb/MWh), by eGRID subregion, 2018",2018,"Annual N2O non-baseload output emission rate (lb/MWh), by eGRID subregion, 2018"
2,14,40,50,STNBN2O,lb/MWh,"Annual N₂O non-baseload output emission rate (lb/MWh), by state, 2018",2018,"Annual N2O non-baseload output emission rate (lb/MWh), by state, 2018"
2,14,40,51,NRNBN2O,lb/MWh,"Annual N₂O non-baseload output emission rate (lb/MWh), by NERC region, 2018",2018,"Annual N2O non-baseload output emission rate (lb/MWh), by NERC region, 2018"
2,14,40,52,USNBN2O,lb/MWh,"Annual N₂O non-baseload output emission rate (lb/MWh), US value, 2018",2018,"Annual N2O non-baseload output emission rate (lb/MWh), US value, 2018"
2,15,40,49,SRNBC2E,lb/MWh,"Annual CO₂ equivalent non-baseload output emission rate (lb/MWh), by eGRID subregion, 2018",2018,"Annual CO2 equivalent non-baseload output emission rate (lb/MWh), by eGRID subregion, 2018"
2,15,40,50,STNBC2E,lb/MWh,"Annual CO₂ equivalent non-baseload output emission rate (lb/MWh), by state, 2018",2018,"Annual CO2 equivalent non-baseload output emission rate (lb/MWh), by state, 2018"
2,15,40,51,NRNBC2E,lb/MWh,"Annual CO₂ equivalent non-baseload output emission rate (lb/MWh), by NERC region, 2018",2018,"Annual CO2 equivalent non-baseload output emission rate (lb/MWh), by NERC region, 2018"
2,15,40,52,USNBC2E,lb/MWh,"Annual CO₂ equivalent non-baseload output emission rate (lb/MWh), US value, 2018",2018,"Annual CO2 equivalent non-baseload output emission rate (lb/MWh), US value, 2018"
3,10,48,49,SRCO2AN,tons,"Annual CO₂ total emissions (tons), by eGRID subregion, 2018",2018,"Annual CO2 total emissions (tons), by eGRID subregion, 2018"
3,10,48,50,STCO2AN,tons,"Annual CO₂ total emissions (tons), by state, 2018",2018,"Annual CO2 total emissions (tons), by state, 2018"
3,10,48,51,NRCO2AN,tons,"Annual CO₂ total emissions (tons), by NERC region, 2018",2018,"Annual CO2 total emissions (tons), by NERC region, 2018"
3,10,48,52,USCO2AN,tons,"Annual CO₂ total emissions (tons), US value, 2018",2018,"Annual CO2 total emissions (tons), US value, 2018"
3,10,48,99,PLCO2AN,tons,,2018,
3,11,48,49,SRNOXAN,tons,"Annual NOₓ total emissions (tons), by eGRID subregion, 2018",2018,"Annual NOx total emissions (tons), by eGRID subregion, 2018"
3,11,48,50,STNOXAN,tons,"Annual NOₓ total emissions (tons), by state, 2018",2018,"Annual NOx total emissions (tons), by state, 2018"
3,11,48,51,NRNOXAN,tons,"Annual NOₓ total emissions (tons), by NERC region, 2018",2018,"Annual NOx total emissions (tons), by NERC region, 2018"
3,11,48,52,USNOXAN,tons,"Annual NOₓ total emissions (tons), US value, 2018",2018,"Annual NOx total emissions (tons), US value, 2018"
3,11,48,99,PLNOXAN,tons,,2018,
3,66,48,49,SRNOXOZ,tons,"Ozone season NOₓ total emissions (tons), by eGRID subregion, 2018",2018,"Ozone season NOx total emissions (tons), by eGRID subregion, 2018"
3,66,48,50,STNOXOZ,tons,"Ozone season NOₓ total emissions (tons), by state, 2018",2018,"Ozone season NOx total emissions (tons), by state, 2018"
3,66,48,51,NRNOXOZ,tons,"Ozone season NOₓ total emissions (tons), by NERC region, 2018",2018,"Ozone season NOx total emissions (tons), by NERC region, 2018"
3,66,48,52,USNOXOZ,tons,"Ozone season NOₓ total emissions (tons), US value, 2018",2018,"Ozone season NOx total emissions (tons), US value, 2018"
3,66,48,99,PLNOXOZ,tons,,2018,
3,12,48,49,SRSO2AN,tons,"Annual SO₂ total emissions (tons), by eGRID subregion, 2018",2018,"Annual SO2 total emissions (tons), by eGRID subregion, 2018"
3,12,48,50,STSO2AN,tons,"Annual SO₂ total emissions (tons), by state, 2018",2018,"Annual SO2 total emissions (tons), by state, 2018"
3,12,48,51,NRSO2AN,tons,"Annual SO₂ total emissions (tons), by NERC region, 2018",2018,"Annual SO2 total emissions (tons), by NERC region, 2018"
3,12,48,52,USSO2AN,tons,"Annual SO₂ total emissions (tons), US value, 2018",2018,"Annual SO2 total emissions (tons), US value, 2018"
3,12,48,99,PLSO2AN,tons,,2018,
3,13,48,49,SRCH4AN,lbs,"Annual CH₄ total emissions (lbs), by eGRID subregion, 2018",2018,"Annual CH4 total emissions (lbs), by eGRID subregion, 2018"
3,13,48,50,STCH4AN,lbs,"Annual CH₄ total emissions (lbs), by state, 2018",2018,"Annual CH4 total emissions (lbs), by state, 2018"
3,13,48,51,NRCH4AN,lbs,"Annual CH₄ total emissions (lbs), by NERC region, 2018",2018,"Annual CH4 total emissions (lbs), by NERC region, 2018"
3,13,48,52,USCH4AN,lbs,"Annual CH₄ total emissions (lbs), US value, 2018",2018,"Annual CH4 total emissions (lbs), US value, 2018"
3,13,48,99,PLCH4AN,lbs,,2018,
3,14,48,49,SRN2OAN,lbs,"Annual N₂O total emissions (lbs), by eGRID subregion, 2018",2018,"Annual N2O total emissions (lbs), by eGRID subregion, 2018"
3,14,48,50,STN2OAN,lbs,"Annual N₂O total emissions (lbs), by state, 2018",2018,"Annual N2O total emissions (lbs), by state, 2018"
3,14,48,51,NRN2OAN,lbs,"Annual N₂O total emissions (lbs), by NERC region, 2018",2018,"Annual N2O total emissions (lbs), by NERC region, 2018"
3,14,48,52,USN2OAN,lbs,"Annual N₂O total emissions (lbs), US value, 2018",2018,"Annual N2O total emissions (lbs), US value, 2018"
3,14,48,99,PLN2OAN,lbs,,2018,
3,15,48,49,SRCO2EQA,tons,"Annual CO₂ equivalent total emissions (tons), by eGRID subregion, 2018",2018,"Annual CO2 equivalent total emissions (tons), by eGRID subregion, 2018"
3,15,48,50,STCO2EQA,tons,"Annual CO₂ equivalent total emissions (tons), by state, 2018",2018,"Annual CO2 equivalent total emissions (tons), by state, 2018"
3,15,48,51,NRCO2EQA,tons,"Annual CO₂ equivalent total emissions (tons), by NERC region, 2018",2018,"Annual CO2 equivalent total emissions (tons), by NERC region, 2018"
3,15,48,52,USCO2EQA,tons,"Annual CO₂ equivalent total emissions (tons), US value, 2018",2018,"Annual CO2 equivalent total emissions (tons), US value, 2018"
3,15,48,99,PLCO2EQA,tons,,2018,
4,16,48,49,SRNGENAN,MWh,"Annual net generation (MWh), by eGRID subregion, 2018",2018,"Annual net generation (MWh), by eGRID subregion, 2018"
4,16,48,50,STNGENAN,MWh,"Annual net generation (MWh), by state, 2018",2018,"Annual net generation (MWh), by state, 2018"
4,16,48,51,NRNGENAN,MWh,"Annual net generation (MWh), by NERC region, 2018",2018,"Annual net generation (MWh), by NERC region, 2018"
4,16,48,52,USNGENAN,MWh,"Annual net generation (MWh), US value, 2018",2018,"Annual net generation (MWh), US value, 2018"
4,16,48,99,PLNGENAN,MWh,,2018,
4,17,48,49,SRGENACL,MWh,"Annual coal net generation (MWh), by eGRID subregion, 2018",2018,"Annual coal net generation (MWh), by eGRID subregion, 2018"
4,17,48,50,STGENACL,MWh,"Annual coal net generation (MWh), by state, 2018",2018,"Annual coal net generation (MWh), by state, 2018"
4,17,48,51,NRGENACL,MWh,"Annual coal net generation (MWh), by NERC region, 2018",2018,"Annual coal net generation (MWh), by NERC region, 2018"
4,17,48,52,USGENACL,MWh,"Annual coal net generation (MWh), US value, 2018",2018,"Annual coal net generation (MWh), US value, 2018"
4,17,48,99,PLNGENAN,MWh,,2018,
4,18,48,49,SRGENAOL,MWh,"Annual oil net generation (MWh), by eGRID subregion, 2018",2018,"Annual oil net generation (MWh), by eGRID subregion, 2018"
4,18,48,50,STGENAOL,MWh,"Annual oil net generation (MWh), by state, 2018",2018,"Annual oil net generation (MWh), by state, 2018"
4,18,48,51,NRGENAOL,MWh,"Annual oil net generation (MWh), by NERC region, 2018",2018,"Annual oil net generation (MWh), by NERC region, 2018"
4,18,48,52,USGENAOL,MWh,"Annual oil net generation (MWh), US value, 2018",2018,"Annual oil net generation (MWh), US value, 2018"
4,18,48,99,PLNGENAN,MWh,,2018,
4,19,48,49,SRGENAGS,MWh,"Annual gas net generation (MWh), by eGRID subregion, 2018",2018,"Annual gas net generation (MWh), by eGRID subregion, 2018"
4,19,48,50,STGENAGS,MWh,"Annual gas net generation (MWh), by state, 2018",2018,"Annual gas net generation (MWh), by state, 2018"
4,19,48,51,NRGENAGS,MWh,"Annual gas net generation (MWh), by NERC region, 2018",2018,"Annual gas net generation (MWh), by NERC region, 2018"
4,19,48,52,USGENAGS,MWh,"Annual gas net generation (MWh), US value, 2018",2018,"Annual gas net generation (MWh), US value, 2018"
4,19,48,99,PLNGENAN,MWh,,2018,
4,20,48,49,SRGENANC,MWh,"Annual nuclear net generation (MWh), by eGRID subregion, 2018",2018,"Annual nuclear net generation (MWh), by eGRID subregion, 2018"
4,20,48,50,STGENANC,MWh,"Annual nuclear net generation (MWh), by state, 2018",2018,"Annual nuclear net generation (MWh), by state, 2018"
4,20,48,51,NRGENANC,MWh,"Annual nuclear net generation (MWh), by NERC region, 2018",2018,"Annual nuclear net generation (MWh), by NERC region, 2018"
4,20,48,52,USGENANC,MWh,"Annual nuclear net generation (MWh), US value, 2018",2018,"Annual nuclear net generation (MWh), US value, 2018"
4,20,48,99,PLNGENAN,MWh,,2018,
4,21,48,49,SRGENAHY,MWh,"Annual hydro net generation (MWh), by eGRID subregion, 2018",2018,"Annual hydro net generation (MWh), by eGRID subregion, 2018"
4,21,48,50,STGENAHY,MWh,"Annual hydro net generation (MWh), by state, 2018",2018,"Annual hydro net generation (MWh), by state, 2018"
4,21,48,51,NRGENAHY,MWh,"Annual hydro net generation (MWh), by NERC region, 2018",2018,"Annual hydro net generation (MWh), by NERC region, 2018"
4,21,48,52,USGENAHY,MWh,"Annual hydro net generation (MWh), US value, 2018",2018,"Annual hydro net generation (MWh), US value, 2018"
4,21,48,99,PLNGENAN,MWh,,2018,
4,22,48,49,SRGENABM,MWh,"Annual biomass net generation (MWh), by eGRID subregion, 2018",2018,"Annual biomass net generation (MWh), by eGRID subregion, 2018"
4,22,48,50,STGENABM,MWh,"Annual biomass net generation (MWh), by state, 2018",2018,"Annual biomass net generation (MWh), by state, 2018"
4,22,48,51,NRGENABM,MWh,"Annual biomass net generation (MWh), by NERC region, 2018",2018,"Annual biomass net generation (MWh), by NERC region, 2018"
4,22,48,52,USGENABM,MWh,"Annual biomass net generation (MWh), US value, 2018",2018,"Annual biomass net generation (MWh), US value, 2018"
4,22,48,99,PLNGENAN,MWh,,2018,
4,23,48,49,SRGENAWI,MWh,"Annual wind net generation (MWh), by eGRID subregion, 2018",2018,"Annual wind net generation (MWh), by eGRID subregion, 2018"
4,23,48,50,STGENAWI,MWh,"Annual wind net generation (MWh), by state, 2018",2018,"Annual wind net generation (MWh), by state, 2018"
4,23,48,51,NRGENAWI,MWh,"Annual wind net generation (MWh), by NERC region, 2018",2018,"Annual wind net generation (MWh), by NERC region, 2018"
4,23,48,52,USGENAWI,MWh,"Annual wind net generation (MWh), US value, 2018",2018,"Annual wind net generation (MWh), US value, 2018"
4,23,48,99,PLNGENAN,MWh,,2018,
4,24,48,49,SRGENASO,MWh,"Annual solar net generation (MWh), by eGRID subregion, 2018",2018,"Annual solar net generation (MWh), by eGRID subregion, 2018"
4,24,48,50,STGENASO,MWh,"Annual solar net generation (MWh), by state, 2018",2018,"Annual solar net generation (MWh), by state, 2018"
4,24,48,51,NRGENASO,MWh,"Annual solar net generation (MWh), by NERC region, 2018",2018,"Annual solar net generation (MWh), by NERC region, 2018"
4,24,48,52,USGENASO,MWh,"Annual solar net generation (MWh), US value, 2018",2018,"Annual solar net generation (MWh), US value, 2018"
4,24,48,99,PLNGENAN,MWh,,2018,
4,25,48,49,SRGENAGT,MWh,"Annual geothermal net generation (MWh), by eGRID subregion, 2018",2018,"Annual geothermal net generation (MWh), by eGRID subregion, 2018"
4,25,48,50,STGENAGT,MWh,"Annual geothermal net generation (MWh), by state, 2018",2018,"Annual geothermal net generation (MWh), by state, 2018"
4,25,48,51,NRGENAGT,MWh,"Annual geothermal net generation (MWh), by NERC region, 2018",2018,"Annual geothermal net generation (MWh), by NERC region, 2018"
4,25,48,52,USGENAGT,MWh,"Annual geothermal net generation (MWh), US value, 2018",2018,"Annual geothermal net generation (MWh), US value, 2018"
4,25,48,99,PLNGENAN,MWh,,2018,
4,26,48,49,SRGENAOF,MWh,"Annual other fossil net generation (MWh), by eGRID subregion, 2018",2018,"Annual other fossil net generation (MWh), by eGRID subregion, 2018"
4,26,48,50,STGENAOF,MWh,"Annual other fossil net generation (MWh), by state, 2018",2018,"Annual other fossil net generation (MWh), by state, 2018"
4,26,48,51,NRGENAOF,MWh,"Annual other fossil net generation (MWh), by NERC region, 2018",2018,"Annual other fossil net generation (MWh), by NERC region, 2018"
4,26,48,52,USGENAOF,MWh,"Annual other fossil net generation (MWh), US value, 2018",2018,"Annual other fossil net generation (MWh), US value, 2018"
4,26,48,99,PLNGENAN,MWh,,2018,
4,27,48,49,SRGENAOP,MWh,"Annual other unknown/purchased fuel net generation (MWh), by eGRID subregion, 2018",2018,"Annual other unknown/purchased fuel net generation (MWh), by eGRID subregion, 2018"
4,27,48,50,STGENAOP,MWh,"Annual other unknown/purchased fuel net generation (MWh), by state, 2018",2018,"Annual other unknown/purchased fuel net generation (MWh), by state, 2018"
4,27,48,51,NRGENAOP,MWh,"Annual other unknown/purchased fuel net generation (MWh), by NERC region, 2018",2018,"Annual other unknown/purchased fuel net generation (MWh), by NERC region, 2018"
4,27,48,52,USGENAOP,MWh,"Annual other unknown/purchased fuel net generation (MWh), US value, 2018",2018,"Annual other unknown/purchased fuel net generation (MWh), US value, 2018"
4,27,48,99,PLNGENAN,MWh,,2018,
4,28,48,49,SRGENATN,MWh,"Annual total nonrenewables net generation (MWh), by eGRID subregion, 2018",2018,"Annual total nonrenewables net generation (MWh), by eGRID subregion, 2018"
4,28,48,50,STGENATN,MWh,"Annual total nonrenewables net generation (MWh), by state, 2018",2018,"Annual total nonrenewables net generation (MWh), by state, 2018"
4,28,48,51,NRGENATN,MWh,"Annual total nonrenewables net generation (MWh), by NERC region, 2018",2018,"Annual total nonrenewables net generation (MWh), by NERC region, 2018"
4,28,48,52,USGENATN,MWh,"Annual total nonrenewables net generation (MWh), US value, 2018",2018,"Annual total nonrenewables net generation (MWh), US value, 2018"
4,28,48,99,PLNGENAN,MWh,,2018,
4,29,48,49,SRGENATR,MWh,"Annual total renewables net generation (MWh), by eGRID subregion, 2018",2018,"Annual total renewables net generation (MWh), by eGRID subregion, 2018"
4,29,48,50,STGENATR,MWh,"Annual total renewables net generation (MWh), by state, 2018",2018,"Annual total renewables net generation (MWh), by state, 2018"
4,29,48,51,NRGENATR,MWh,"Annual total renewables net generation (MWh), by NERC region, 2018",2018,"Annual total renewables net generation (MWh), by NERC region, 2018"
4,29,48,52,USGENATR,MWh,"Annual total renewables net generation (MWh), US value, 2018",2018,"Annual total renewables net generation (MWh), US value, 2018"
4,29,48,99,PLNGENAN,MWh,,2018,
4,30,48,49,SRGENATH,MWh,"Annual total nonhydro renewables net generation (MWh), by eGRID subregion, 2018",2018,"Annual total nonhydro renewables net generation (MWh), by eGRID subregion, 2018"
4,30,48,50,STGENATH,MWh,"Annual total nonhydro renewables net generation (MWh), by state, 2018",2018,"Annual total nonhydro renewables net generation (MWh), by state, 2018"
4,30,48,51,NRGENATH,MWh,"Annual total nonhydro renewables net generation (MWh), by NERC region, 2018",2018,"Annual total nonhydro renewables net generation (MWh), by NERC region, 2018"
4,30,48,52,USGENATH,MWh,"Annual total nonhydro renewables net generation (MWh), US value, 2018",2018,"Annual total nonhydro renewables net generation (MWh), US value, 2018"
4,30,48,99,PLNGENAN,MWh,,2018,
4,31,48,49,SRGENACY,MWh,"Annual total combustion net generation (MWh), by eGRID subregion, 2018",2018,"Annual total combustion net generation (MWh), by eGRID subregion, 2018"
4,31,48,50,STGENACY,MWh,"Annual total combustion net generation (MWh), by state, 2018",2018,"Annual total combustion net generation (MWh), by state, 2018"
4,31,48,51,NRGENACY,MWh,"Annual total combustion net generation (MWh), by NERC region, 2018",2018,"Annual total combustion net generation (MWh), by NERC region, 2018"
4,31,48,52,USGENACY,MWh,"Annual total combustion net generation (MWh), US value, 2018",2018,"Annual total combustion net generation (MWh), US value, 2018"
4,31,48,99,PLNGENAN,MWh,,2018,
4,32,48,49,SRGENACN,MWh,"Annual total noncombustion net generation (MWh), by eGRID subregion, 2018",2018,"Annual total noncombustion net generation (MWh), by eGRID subregion, 2018"
4,32,48,50,STGENACN,MWh,"Annual total noncombustion net generation (MWh), by state, 2018",2018,"Annual total noncombustion net generation (MWh), by state, 2018"
4,32,48,51,NRGENACN,MWh,"Annual total noncombustion net generation (MWh), by NERC region, 2018",2018,"Annual total noncombustion net generation (MWh), by NERC region, 2018"
4,32,48,52,USGENACN,MWh,"Annual total noncombustion net generation (MWh), US value, 2018",2018,"Annual total noncombustion net generation (MWh), US value, 2018"
4,32,48,99,PLNGENAN,MWh,,2018,
5,17,48,49,SRNBGNCL,MWh,"Annual non-baseload coal net generation (MWh), by eGRID subregion, 2018",2018,"Annual non-baseload coal net generation (MWh), by eGRID subregion, 2018"
5,18,48,49,SRNBGNOL,MWh,"Annual non-baseload oil net generation (MWh), by eGRID subregion, 2018",2018,"Annual non-baseload oil net generation (MWh), by eGRID subregion, 2018"
5,19,48,49,SRNBGNGS,MWh,"Annual non-baseload gas net generation (MWh), by eGRID subregion, 2018",2018,"Annual non-baseload gas net generation (MWh), by eGRID subregion, 2018"
5,22,48,49,SRNBGNBM,MWh,"Annual non-baseload biomass net generation (MWh), by eGRID subregion, 2018",2018,"Annual non-baseload biomass net generation (MWh), by eGRID subregion, 2018"
5,26,48,49,SRNBGNOF,MWh,"Annual non-baseload other fossil net generation (MWh), by eGRID subregion, 2018",2018,"Annual non-baseload other fossil net generation (MWh), by eGRID subregion, 2018"
6,16,48,49,SRHTIANT,MMBtu,"Total annual heat input (MMBtu), by eGRID subregion, 2018",2018,"Total annual heat input (MMBtu), by eGRID subregion, 2018"
6,16,48,50,STHTIANT,MMBtu,"Total annual heat input (MMBtu), by state, 2018",2018,"Total annual heat input (MMBtu), by state, 2018"
6,16,48,51,NRHTIANT,MMBtu,"Total annual heat input (MMBtu), by NERC region, 2018",2018,"Total annual heat input (MMBtu), by NERC region, 2018"
6,16,48,52,USHTIANT,MMBtu,"Total annual heat input (MMBtu), US value, 2018",2018,"Total annual heat input (MMBtu), US value, 2018"
6,16,48,99,PLHTIANT,MMBtu,,2018,
6,33,48,49,SRHTIAN,MMBtu,"Annual heat input from combustion (MMBtu), by eGRID subregion, 2018",2018,"Annual heat input from combustion (MMBtu), by eGRID subregion, 2018"
6,33,48,50,STHTIAN,MMBtu,"Annual heat input from combustion (MMBtu), by state, 2018",2018,"Annual heat input from combustion (MMBtu), by state, 2018"
6,33,48,51,NRHTIAN,MMBtu,"Annual heat input from combustion (MMBtu), by NERC region, 2018",2018,"Annual heat input from combustion (MMBtu), by NERC region, 2018"
6,33,48,52,USHTIAN,MMBtu,"Annual heat input from combustion (MMBtu), US value, 2018",2018,"Annual heat input from combustion (MMBtu), US value, 2018"
6,33,48,99,PLHTIAN,MMBtu,,2018,
7,34,40,49,"[SRCLPR, SROLPR, SRGSPR, SRNCPR, SRHYPR, SRBMPR, SRWIPR, SRSOPR, SRGTPR, SROFPR, SROPPR]",%,"Resource Mix by all fuel types, by eGRID subregion, 2018",2018,"Resource Mix by all fuel types, by eGRID subregion, 2018"
7,34,46,49,"[SRHYPR, SRTHPR, SRTNPR]",%,"Resource Mix by renewable vs. non-renewable fuels, by eGRID subregion, 2018",2018,"Resource Mix by renewable vs. non-renewable fuels, by eGRID subregion, 2018"
7,34,47,49,"[SRCYPR, SRCNPR]",%,"Resource Mix by combustible vs. non-combustible fuels, by eGRID subregion, 2018",2018,"Resource Mix by combustible vs. non-combustible fuels, by eGRID subregion, 2018"
7,34,40,50,"[STCLPR, STOLPR, STGSPR, STNCPR, STHYPR, STBMPR, STWIPR, STSOPR, STGTPR, STOFPR, STOPPR]",%,"Resource Mix by all fuel types, by state, 2018",2018,"Resource Mix by all fuel types, by state, 2018"
7,34,46,50,"[STHYPR, STTHPR, STTNPR]",%,"Resource Mix by renewable vs. non-renewable fuels, by state, 2018",2018,"Resource Mix by renewable vs. non-renewable fuels, by state, 2018"
7,34,47,50,"[STCYPR, STCNPR]",%,"Resource Mix by combustible vs. non-combustible fuels, by state, 2018",2018,"Resource Mix by combustible vs. non-combustible fuels, by state, 2018"
7,34,40,51,"[NRCLPR, NROLPR, NRGSPR, NRNCPR, NRHYPR, NRBMPR, NRWIPR, NRSOPR, NRGTPR, NROFPR, NROPPR]",%,"Resource Mix by all fuel types, by NERC region, 2018",2018,"Resource Mix by all fuel types, by NERC region, 2018"
7,34,46,51,"[NRHYPR, NRTHPR, NRTNPR]",%,"Resource Mix by renewable vs. non-renewable fuels, by NERC region, 2018",2018,"Resource Mix by renewable vs. non-renewable fuels, by NERC region, 2018"
7,34,47,51,"[NRCYPR, NRCNPR]",%,"Resource Mix by combustible vs. non-combustible fuels, by NERC region, 2018",2018,"Resource Mix by combustible vs. non-combustible fuels, by NERC region, 2018"
7,34,40,52,"[USCLPR, USOLPR, USGSPR, USNCPR, USHYPR, USBMPR, USWIPR, USSOPR, USGTPR, USOFPR, USOPPR]",%,"Resource Mix by all fuel types, US value, 2018",2018,"Resource Mix by all fuel types, US value, 2018"
7,34,46,52,"[USHYPR, USTHPR, USTNPR]",%,"Resource Mix by renewable vs. non-renewable fuels, US value, 2018",2018,"Resource Mix by renewable vs. non-renewable fuels, US value, 2018"
7,34,47,52,"[USCYPR, USCNPR]",%,"Resource Mix by combustible vs. non-combustible fuels, US value, 2018",2018,"Resource Mix by combustible vs. non-combustible fuels, US value, 2018"
7,35,40,49,"[SRNBCLPR, SRNBOLPR, SRNBGSPR, SRNBNCPR, SRNBHYPR, SRNBBMPR, SRNBWIPR, SRNBSOPR, SRNBGTPR, SRNBOFPR, SRNBOPPR]",%,"Resource Mix by all fuel types, by eGRID subregion, 2018",2018,"Resource Mix by all fuel types, by eGRID subregion, 2018"
8,36,48,49,SRNAMEPCAP,MW,"Nameplate capacity (MW), by eGRID subregion, 2018",2018,"Nameplate capacity (MW), by eGRID subregion, 2018"
8,36,48,50,STNAMEPCAP,MW,"Nameplate capacity (MW), by state, 2018",2018,"Nameplate capacity (MW), by state, 2018"
8,36,48,51,NRNAMEPCAP,MW,"Nameplate capacity (MW), by NERC region, 2018",2018,"Nameplate capacity (MW), by NERC region, 2018"
8,36,48,52,USNAMEPCAP,MW,"Nameplate capacity (MW), US value, 2018",2018,"Nameplate capacity (MW), US value, 2018"
8,36,48,99,PLNAMEPCAP,MW,,2018,
9,36,48,53,,%,"Grid gross loss rates",2018,"Grid gross loss rates"
7,35,40,50,"[STNBCLPR, STNBOLPR, STNBGSPR, STNBNCPR, STNBHYPR, STNBBMPR, STNBWIPR, STNBSOPR, STNBGTPR, STNBOFPR, STNBOPPR]",%,"Resource Mix by all fuel types, by state, 2018",2018,"Resource Mix by all fuel types, by state, 2018"
7,35,40,51,"[NRNBCLPR, NRNBOLPR, NRNBGSPR, NRNBNCPR, NRNBHYPR, NRNBBMPR, NRNBWIPR, NRNBSOPR, NRNBGTPR, NRNBOFPR, NRNBOPPR]",%,"Resource Mix by all fuel types, by NERC region, 2018",2018,"Resource Mix by all fuel types, by NERC region, 2018"